,,2019,Censo,36898883,,
,,2019,Votantes,26478140,71.8,
,,2019,Nulos,276769,,
,,2019,V&aacute;lidos,26201371,,
,,2019,Blancos,199836,,
,,2019,Partido Socialista Obrero Espa&ntilde;ol (PSOE),7513142,28.7,123
,,2019,Partido Popular (PP),4373653,16.7,66
,,2019,Ciudadanos-Partido de la Ciudadan&iacute;a (C's),4155665,15.9,57
,,2019,Unidas Podemos (PODEMOS-IU-EQUO),3751145,14.3,42
,,2019,Vox (VOX),2688092,10.3,24
,,2019,Esquerra Republicana de Catalunya-Sobiranistes (ERC-SOBIRANISTES),1024628,3.9,15
,,2019,Junts per Catalunya (JxCAT-JUNTS),500787,1.9,7
,,2019,Euzko Alderdi Jeltzalea-Partido Nacionalista Vasco (EAJ-PNV),395884,1.5,6
,,2019,Euskal Herria Bildu (EH Bildu),259647,1.0,4
,,2019,Coalici&oacute;n Canaria-Partido Nacionalista Canario (CCa-PNC),137664,0.5,2
,,2019,Navarra Suma (NA+),107619,0.4,2
,,2019,Comprom&iacute;s: Bloc-Iniciativa-VerdsEquo (COMPROM&Iacute;S 2019),173821,0.7,1
,,2019,Partido Regionalista de Cantabria (PRC),52266,0.2,1
,,2019,Partido Animalista Contra el Maltrato Animal (PACMA),328299,1.3,0
,,2019,Poble Lliure-Som Alternativa-Pirates: Front Republic&agrave; (FRONT REPUBLIC&Agrave;),113807,0.4,0
,,2019,Bloque Nacionalista Galego (BNG),94433,0.4,0
,,2019,Recortes Cero-Grupo Verde,47363,0.2,0
,,2019,Nueva Canarias (NCa),36225,0.1,0
,,2019,Otros,247395,0.9,0
,,2019,Censo,37001379,,,B
,,2019,Votantes,24507715,66.2,,B
,,2019,Nulos,249487,,,B
,,2019,V&aacute;lidos,24258228,,,B
,,2019,Blancos,217227,,,B
,,2019,Partido Socialista Obrero Espa&ntilde;ol (PSOE),6792199,28.0,120,B
,,2019,Partido Popular (PP),5047040,20.8,89,B
,,2019,Vox (VOX),3656979,15.1,52,B
,,2019,Unidas Podemos (PODEMOS-IU),3119364,12.9,35,B
,,2019,Esquerra Republicana de Catalunya-Sobiranistes (ERC-SOBIRANISTES),880734,3.6,13,B
,,2019,Ciudadanos-Partido de la Ciudadan&iacute;a (C's),1650318,6.8,10,B
,,2019,Junts per Catalunya (JxCAT-JUNTS),530225,2.2,8,B
,,2019,Euzko Alderdi Jeltzalea-Partido Nacionalista Vasco (EAJ-PNV),379002,1.6,6,B
,,2019,Euskal Herria Bildu (EH Bildu),277621,1.1,5,B
,,2019,M&aacute;s Pa&iacute;s-Equo (M&Aacute;S PA&Iacute;S-EQUO),582306,2.4,3,B
,,2019,Candidatura d'Unitat Popular-Per la Ruptura (CUP-PR),246971,1.0,2,B
,,2019,Coalici&oacute;n Canaria-Nueva Canarias (CCa-PNC-NC),124289,0.5,2,B
,,2019,Navarra Suma (NA+),99078,0.4,2,B
,,2019,Bloque Nacionalista Galego (BNG),120456,0.5,1,B
,,2019,Partido Regionalista de Cantabria (PRC),68830,0.3,1,B
,,2019,Teruel Existe (&iexcl;TERUEL EXISTE!),19761,0.1,1,B
,,2019,Partido Animalista Contra el Maltrato Animal (PACMA),228856,0.9,0,B
,,2019,Recortes Cero-Grupo Verde (RECORTES CERO-GV),35042,0.1,0,B
,,2019,Otros,181930,0.7,0,B
01,,2019,Censo,6562905,,
01,,2019,Votantes,4645373,70.8,
01,,2019,Nulos,61295,,
01,,2019,V&aacute;lidos,4584078,,
01,,2019,Blancos,43084,,
01,,2019,Partido Socialista Obrero Espa&ntilde;ol (PSOE),1568682,34.2,24
01,,2019,Ciudadanos-Partido de la Ciudadan&iacute;a (C's),811562,17.7,11
01,,2019,Partido Popular (PP),787384,17.2,11
01,,2019,Unidas Podemos (PODEMOS-IU-EQUO),654944,14.3,9
01,,2019,Vox (VOX),612921,13.4,6
01,,2019,Partido Animalista Contra el Maltrato Animal (PACMA),62027,1.4,0
01,,2019,Recortes Cero-Grupo Verde,7826,0.2,0
01,,2019,Otros,35648,0.8,0
02,,2019,Censo,1018609,,
02,,2019,Votantes,766006,75.2,
02,,2019,Nulos,8202,,
02,,2019,V&aacute;lidos,757804,,
02,,2019,Blancos,6955,,
02,,2019,Partido Socialista Obrero Espa&ntilde;ol (PSOE),240540,31.7,5
02,,2019,Ciudadanos-Partido de la Ciudadan&iacute;a (C's),155576,20.5,3
02,,2019,Partido Popular (PP),143242,18.9,3
02,,2019,Unidas Podemos (PODEMOS-IU-EQUO),102930,13.6,1
02,,2019,Vox (VOX),92388,12.2,1
02,,2019,Partido Animalista Contra el Maltrato Animal (PACMA),6934,0.9,0
02,,2019,Recortes Cero-Grupo Verde,1825,0.2,0
02,,2019,Otros,7414,1.0,0
05,,2019,Censo,1720082,,
05,,2019,Votantes,1074373,62.5,
05,,2019,Nulos,12837,,
05,,2019,V&aacute;lidos,1061536,,
05,,2019,Blancos,7613,,
05,,2019,Partido Socialista Obrero Espa&ntilde;ol (PSOE),295474,27.8,5
05,,2019,Unidas Podemos (PODEMOS-IU-EQUO),166911,15.7,3
05,,2019,Partido Popular (PP),164804,15.5,3
05,,2019,Ciudadanos-Partido de la Ciudadan&iacute;a (C's),155682,14.7,2
05,,2019,Coalici&oacute;n Canaria-Partido Nacionalista Canario (CCa-PNC),137664,13.0,2
05,,2019,Vox (VOX),69614,6.6,0
05,,2019,Nueva Canarias (NCa),36225,3.4,0
05,,2019,Partido Animalista Contra el Maltrato Animal (PACMA),17826,1.7,0
05,,2019,Recortes Cero-Grupo Verde,2651,0.2,0
05,,2019,Otros,7072,0.7,0
07,,2019,Censo,1572564,,
07,,2019,Votantes,1204154,76.6,
07,,2019,Nulos,16696,,
07,,2019,V&aacute;lidos,1187458,,
07,,2019,Blancos,8663,,
07,,2019,Partido Socialista Obrero Espa&ntilde;ol (PSOE),384461,32.4,9
07,,2019,Partido Popular (PP),269125,22.7,6
07,,2019,Ciudadanos-Partido de la Ciudadan&iacute;a (C's),207530,17.5,4
07,,2019,Vox (VOX),181444,15.3,2
07,,2019,Unidas Podemos (PODEMOS-IU-EQUO),120747,10.2,0
07,,2019,Partido Animalista Contra el Maltrato Animal (PACMA),11088,0.9,0
07,,2019,Recortes Cero-Grupo Verde,2026,0.2,0
07,,2019,Otros,2374,0.2,0
08,,2019,Censo,2116060,,
08,,2019,Votantes,1541957,72.9,
08,,2019,Nulos,20252,,
08,,2019,V&aacute;lidos,1521705,,
08,,2019,Blancos,14032,,
08,,2019,Partido Socialista Obrero Espa&ntilde;ol (PSOE),453339,29.8,12
08,,2019,Partido Popular (PP),395866,26.0,10
08,,2019,Ciudadanos-Partido de la Ciudadan&iacute;a (C's),287468,18.9,8
08,,2019,Vox (VOX),186882,12.3,1
08,,2019,Unidas Podemos (PODEMOS-IU-EQUO),158535,10.4,0
08,,2019,Partido Animalista Contra el Maltrato Animal (PACMA),11319,0.7,0
08,,2019,Recortes Cero-Grupo Verde,2701,0.2,0
08,,2019,Otros,11563,0.8,0
09,,2019,Censo,5588145,,
09,,2019,Votantes,4167172,74.6,
09,,2019,Nulos,20609,,
09,,2019,V&aacute;lidos,4146563,,
09,,2019,Blancos,22282,,
09,,2019,Esquerra Republicana de Catalunya-Sobiranistes (ERC-SOBIRANISTES),1020392,24.6,15
09,,2019,Partit dels Socialistes de Catalunya (PSC-PSOE),962257,23.2,12
09,,2019,En Com&uacute; Podem (ECP),615665,14.8,7
09,,2019,Junts per Catalunya (JxCAT-JUNTS),500787,12.1,7
09,,2019,Ciutadans-Partido de la Ciudadan&iacute;a (C's),479374,11.6,5
09,,2019,Partit Popular / Partido Popular (PP),200841,4.8,1
09,,2019,Vox (VOX),148844,3.6,1
09,,2019,Poble Lliure-Som Alternativa-Pirates: Front Republic&agrave; (FRONT REPUBLIC&Agrave;),113807,2.7,0
09,,2019,Partido Animalista Contra el Maltrato Animal (PACMA),63895,1.5,0
09,,2019,Recortes Cero-Grupo Verde,6944,0.2,0
09,,2019,Otros,11475,0.3,0
10,,2019,Censo,900602,,
10,,2019,Votantes,667998,74.2,
10,,2019,Nulos,10873,,
10,,2019,V&aacute;lidos,657125,,
10,,2019,Blancos,5194,,
10,,2019,Partido Socialista Obrero Espa&ntilde;ol (PSOE),250180,38.1,5
10,,2019,Partido Popular (PP),140473,21.4,2
10,,2019,Ciudadanos-Partido de la Ciudadan&iacute;a (C's),118035,18.0,2
10,,2019,Vox (VOX),70793,10.8,1
10,,2019,Unidas Podemos (PODEMOS-IU-EQUO),62544,9.5,0
10,,2019,Partido Animalista Contra el Maltrato Animal (PACMA),4662,0.7,0
10,,2019,Recortes Cero-Grupo Verde,856,0.1,0
10,,2019,Otros,4388,0.7,0
11,,2019,Censo,2699123,,
11,,2019,Votantes,1669869,61.9,
11,,2019,Nulos,23819,,
11,,2019,V&aacute;lidos,1646050,,
11,,2019,Blancos,17282,,
11,,2019,Partido dos Socialistas de Galicia-PSOE (PSdeG-PSOE),528195,32.1,10
11,,2019,Partido Popular (PP),451300,27.4,9
11,,2019,En Com&uacute;n-Unidas Podemos (PODEMOS-EU-MAREAS EN COM&Uacute;N-EQUO),238061,14.5,2
11,,2019,Ciudadanos-Partido de la Ciudadan&iacute;a (C's),184045,11.2,2
11,,2019,Bloque Nacionalista Galego (BNG),94433,5.7,0
11,,2019,Vox (VOX),87047,5.3,0
11,,2019,Partido Animalista Contra el Maltrato Animal (PACMA),17213,1.0,0
11,,2019,Recortes Cero-Grupo Verde,2846,0.2,0
11,,2019,Otros,25628,1.6,0
14,,2019,Censo,1790984,,
14,,2019,Votantes,1285488,71.8,
14,,2019,Nulos,9036,,
14,,2019,V&aacute;lidos,1276452,,
14,,2019,Blancos,8054,,
14,,2019,Euzko Alderdi Jeltzalea-Partido Nacionalista Vasco (EAJ-PNV),395884,31.0,6
14,,2019,Partido Socialista de Euskadi-Euskadiko Ezkerra (PSE-EE/PSOE),253989,19.9,4
14,,2019,Elkarrekin Podemos-Unidas Podemos (PODEMOS-IU-EQUO BERDEAK),224505,17.6,4
14,,2019,Euskal Herria Bildu (EH Bildu),212882,16.7,4
14,,2019,Partido Popular (PP),95041,7.4,0
14,,2019,Ciudadanos-Partido de la Ciudadan&iacute;a (C's),40366,3.2,0
14,,2019,Vox (VOX),28230,2.2,0
14,,2019,Partido Animalista Contra el Maltrato Animal (PACMA),11227,0.9,0
14,,2019,Recortes Cero-Grupo Verde,2306,0.2,0
14,,2019,Otros,3968,0.3,0
17,,2019,Censo,3657198,,
17,,2019,Votantes,2716779,74.3,
17,,2019,Nulos,29361,,
17,,2019,V&aacute;lidos,2687418,,
17,,2019,Blancos,17679,,
17,,2019,Partido Socialista Obrero Espa&ntilde;ol (PSOE),746486,27.8,10
17,,2019,Partido Popular (PP),498680,18.6,7
17,,2019,Ciudadanos-Partido de la Ciudadan&iacute;a (C's),483068,18.0,6
17,,2019,Unidas Podemos (PODEMOS-EUPV),382798,14.2,5
17,,2019,Vox (VOX),322870,12.0,3
17,,2019,Comprom&iacute;s: Bloc-Iniciativa-VerdsEquo (COMPROM&Iacute;S 2019),173821,6.5,1
17,,2019,Partido Animalista Contra el Maltrato Animal (PACMA),37286,1.4,0
17,,2019,Esquerra Republicana del Pais Valenci&agrave; (ERPV),4236,0.2,0
17,,2019,Recortes Cero-Grupo Verde,3976,0.1,0
17,,2019,Otros,16518,0.6,0
01,,2019,Censo,6579380,,,B
01,,2019,Votantes,4336724,65.9,,B
01,,2019,Nulos,65040,,,B
01,,2019,V&aacute;lidos,4271684,,,B
01,,2019,Blancos,50672,,,B
01,,2019,Partido Socialista Obrero Espa&ntilde;ol (PSOE),1425126,33.4,25,B
01,,2019,Partido Popular (PP),877202,20.5,15,B
01,,2019,Vox (VOX),869909,20.4,12,B
01,,2019,Unidas Podemos (PODEMOS-IU LV CA),559628,13.1,6,B
01,,2019,Ciudadanos-Partido de la Ciudadan&iacute;a (C's),346094,8.1,3,B
01,,2019,M&aacute;s Pa&iacute;s-Andaluc&iacute;a (M&Aacute;S PA&Iacute;S-ANDALUC&Iacute;A),56445,1.3,0,B
01,,2019,Partido Animalista Contra el Maltrato Animal (PACMA),47485,1.1,0,B
01,,2019,Recortes Cero-Grupo Verde (RECORTES CERO-GV),6045,0.1,0,B
01,,2019,Otros,33078,0.8,0,B
02,,2019,Censo,1019762,,,B
02,,2019,Votantes,707091,69.3,,B
02,,2019,Nulos,6080,,,B
02,,2019,V&aacute;lidos,701011,,,B
02,,2019,Blancos,6755,,,B
02,,2019,Partido Socialista Obrero Espa&ntilde;ol (PSOE),215361,30.7,6,B
02,,2019,Partido Popular (PP),167233,23.9,4,B
02,,2019,Vox (VOX),118936,17.0,1,B
02,,2019,Unidas Podemos (PODEMOS-IU),75892,10.8,1,B
02,,2019,Teruel Existe (&iexcl;TERUEL EXISTE!),19761,2.8,1,B
02,,2019,Ciudadanos-Partido de la Ciudadan&iacute;a (C's),59977,8.6,0,B
02,,2019,M&aacute;s Pa&iacute;s-Chunta Aragonesista-Equo (M. PA&Iacute;S-CHA-EQUO),23196,3.3,0,B
02,,2019,Partido Animalista Contra el Maltrato Animal (PACMA),4565,0.7,0,B
02,,2019,Recortes Cero-Grupo Verde (RECORTES CERO-GV),1059,0.2,0,B
02,,2019,Otros,8276,1.2,0,B
05,,2019,Censo,1726866,,,B
05,,2019,Votantes,957376,55.4,,B
05,,2019,Nulos,9869,,,B
05,,2019,V&aacute;lidos,947507,,,B
05,,2019,Blancos,7355,,,B
05,,2019,Partido Socialista Obrero Espa&ntilde;ol (PSOE),273596,28.9,5,B
05,,2019,Partido Popular (PP),196809,20.8,4,B
05,,2019,Unidas Podemos (PODEMOS-IU),139261,14.7,2,B
05,,2019,Coalici&oacute;n Canaria-Nueva Canarias (CCa-PNC-NC),124289,13.1,2,B
05,,2019,Vox (VOX),118006,12.5,2,B
05,,2019,Ciudadanos-Partido de la Ciudadan&iacute;a (C's),50997,5.4,0,B
05,,2019,M&aacute;s Pa&iacute;s-Equo (M&Aacute;S PA&Iacute;S-EQUO),14972,1.6,0,B
05,,2019,Partido Animalista Contra el Maltrato Animal (PACMA),11946,1.3,0,B
05,,2019,Recortes Cero-Grupo Verde (RECORTES CERO-GV),994,0.1,0,B
05,,2019,Otros,9282,1.0,0,B
07,,2019,Censo,1573345,,,B
07,,2019,Votantes,1102339,70.1,,B
07,,2019,Nulos,14694,,,B
07,,2019,V&aacute;lidos,1087645,,,B
07,,2019,Blancos,8990,,,B
07,,2019,Partido Socialista Obrero Espa&ntilde;ol (PSOE),360013,33.1,9,B
07,,2019,Partido Popular (PP),292212,26.9,7,B
07,,2019,Vox (VOX),238196,21.9,5,B
07,,2019,Unidas Podemos (PODEMOS-IU),100284,9.2,0,B
07,,2019,Ciudadanos-Partido de la Ciudadan&iacute;a (C's),74418,6.8,0,B
07,,2019,Partido Animalista Contra el Maltrato Animal (PACMA),7930,0.7,0,B
07,,2019,Recortes Cero-Grupo Verde (RECORTES CERO-GV),1637,0.2,0,B
07,,2019,Otros,3965,0.4,0,B
08,,2019,Censo,2111878,,,B
08,,2019,Votantes,1406699,66.6,,B
08,,2019,Nulos,17901,,,B
08,,2019,V&aacute;lidos,1388798,,,B
08,,2019,Blancos,15167,,,B
08,,2019,Partido Popular (PP),438993,31.6,13,B
08,,2019,Partido Socialista Obrero Espa&ntilde;ol (PSOE),434287,31.3,12,B
08,,2019,Vox (VOX),230743,16.6,6,B
08,,2019,Unidas Podemos (PODEMOS-IU),129681,9.3,0,B
08,,2019,Ciudadanos-Partido de la Ciudadan&iacute;a (C's),105200,7.6,0,B
08,,2019,Partido Animalista Contra el Maltrato Animal (PACMA),8085,0.6,0,B
08,,2019,Recortes Cero-Grupo Verde (RECORTES CERO-GV),2499,0.2,0,B
08,,2019,Otros,24143,1.7,0,B
09,,2019,Censo,5615420,,,B
09,,2019,Votantes,3896974,69.4,,B
09,,2019,Nulos,20742,,,B
09,,2019,V&aacute;lidos,3876232,,,B
09,,2019,Blancos,27019,,,B
09,,2019,Esquerra Republicana de Catalunya-Sobiranistes (ERC-SOBIRANISTES),874859,22.6,13,B
09,,2019,Partit dels Socialistes de Catalunya (PSC-PSOE),794666,20.5,12,B
09,,2019,Junts per Catalunya (JxCAT-JUNTS),530225,13.7,8,B
09,,2019,En Com&uacute; Podem (ECP),549173,14.2,7,B
09,,2019,Partit Popular / Partido Popular (PP),287714,7.4,2,B
09,,2019,Candidatura d'Unitat Popular-Per la Ruptura (CUP-PR),246971,6.4,2,B
09,,2019,Vox (VOX),243640,6.3,2,B
09,,2019,Ciutadans-Partido de la Ciudadan&iacute;a (C's),217935,5.6,2,B
09,,2019,Partido Animalista Contra el Maltrato Animal (PACMA),44585,1.2,0,B
09,,2019,M&aacute;s Pa&iacute;s (M&Aacute;S PA&Iacute;S),41826,1.1,0,B
09,,2019,Recortes Cero-Grupo Verde (RECORTES CERO-GV),5922,0.2,0,B
09,,2019,Otros,11697,0.3,0,B
10,,2019,Censo,899439,,,B
10,,2019,Votantes,604561,67.2,,B
10,,2019,Nulos,11145,,,B
10,,2019,V&aacute;lidos,593416,,,B
10,,2019,Blancos,5493,,,B
10,,2019,Partido Socialista Obrero Espa&ntilde;ol (PSOE),227447,38.3,5,B
10,,2019,Partido Popular (PP),154269,26.0,3,B
10,,2019,Vox (VOX),99823,16.8,2,B
10,,2019,Unidas Podemos (PODEMOS-IU),54072,9.1,0,B
10,,2019,Ciudadanos-Partido de la Ciudadan&iacute;a (C's),45053,7.6,0,B
10,,2019,Partido Animalista Contra el Maltrato Animal (PACMA),3676,0.6,0,B
10,,2019,Recortes Cero-Grupo Verde (RECORTES CERO-GV),1016,0.2,0,B
10,,2019,Otros,2567,0.4,0,B
11,,2019,Censo,2698698,,,B
11,,2019,Votantes,1507366,55.9,,B
11,,2019,Nulos,19259,,,B
11,,2019,V&aacute;lidos,1488107,,,B
11,,2019,Blancos,16209,,,B
11,,2019,Partido Popular (PP),475198,31.9,10,B
11,,2019,Partido dos Socialistas de Galicia-PSOE (PSdeG-PSOE),465026,31.2,10,B
11,,2019,En Com&uacute;n-Unidas Podemos (PODEMOS-EU),188231,12.6,2,B
11,,2019,Bloque Nacionalista Galego (BNG),120456,8.1,1,B
11,,2019,Vox (VOX),116381,7.8,0,B
11,,2019,Ciudadanos-Partido de la Ciudadan&iacute;a (C's),64661,4.3,0,B
11,,2019,M&aacute;s Pa&iacute;s-Equo (M&Aacute;S PA&Iacute;S-EQUO),22826,1.5,0,B
11,,2019,Partido Animalista Contra el Maltrato Animal (PACMA),11475,0.8,0,B
11,,2019,Recortes Cero-Grupo Verde (RECORTES CERO-GV),2173,0.1,0,B
11,,2019,Otros,5471,0.4,0,B
14,,2019,Censo,1792554,,,B
14,,2019,Votantes,1190722,66.4,,B
14,,2019,Nulos,6687,,,B
14,,2019,V&aacute;lidos,1184035,,,B
14,,2019,Blancos,6624,,,B
14,,2019,Euzko Alderdi Jeltzalea-Partido Nacionalista Vasco (EAJ-PNV),379002,32.0,6,B
14,,2019,Partido Socialista de Euskadi-Euskadiko Ezkerra (PSE-EE/PSOE),227396,19.2,4,B
14,,2019,Euskal Herria Bildu (EH Bildu),221073,18.7,4,B
14,,2019,Elkarrekin Podemos-Unidas Podemos (PODEMOS-IU),182674,15.4,3,B
14,,2019,Partido Popular (PP),104746,8.8,1,B
14,,2019,Vox (VOX),28979,2.4,0,B
14,,2019,Ciudadanos-Partido de la Ciudadan&iacute;a (C's),13279,1.1,0,B
14,,2019,M&aacute;s Pa&iacute;s-Candidatura Ecologista (M&Aacute;S PA&Iacute;S-CANDIDATURA ECOLOGISTA),8542,0.7,0,B
14,,2019,Partido Animalista Contra el Maltrato Animal (PACMA),7005,0.6,0,B
14,,2019,Recortes Cero-Grupo Verde (RECORTES CERO-GV),1672,0.1,0,B
14,,2019,Otros,3043,0.3,0,B
17,,2019,Censo,3667628,,,B
17,,2019,Votantes,2559947,69.8,,B
17,,2019,Nulos,23504,,,B
17,,2019,V&aacute;lidos,2536443,,,B
17,,2019,Blancos,19814,,,B
17,,2019,Partido Socialista Obrero Espa&ntilde;ol (PSOE),700159,27.6,10,B
17,,2019,Partido Popular (PP),584415,23.0,8,B
17,,2019,Vox (VOX),468134,18.5,7,B
17,,2019,Unidas Podemos-Unides Podem (PODEMOS-EUPV),339596,13.4,4,B
17,,2019,Ciudadanos-Partido de la Ciudadan&iacute;a (C's),196265,7.7,2,B
17,,2019,M&eacute;s Comprom&iacute;s (M&Eacute;S COMPROM&Iacute;S),176287,7.0,1,B
17,,2019,Partido Animalista Contra el Maltrato Animal (PACMA),27295,1.1,0,B
17,,2019,Esquerra Republicana del Pais Valenci&agrave; (ERPV),5875,0.2,0,B
17,,2019,Recortes Cero-Grupo Verde (RECORTES CERO-GV),2688,0.1,0,B
17,,2019,Otros,15915,0.6,0,B
14,01,2019,Censo,257797,,
14,01,2019,Votantes,179186,69.5,
14,01,2019,Nulos,1820,,
14,01,2019,V&aacute;lidos,177366,,
14,01,2019,Blancos,1075,,
14,01,2019,Euzko Alderdi Jeltzalea-Partido Nacionalista Vasco (EAJ-PNV),40300,22.7,1
14,01,2019,Partido Socialista de Euskadi-Euskadiko Ezkerra (PSE-EE/PSOE),39722,22.4,1
14,01,2019,Elkarrekin Podemos-Unidas Podemos (PODEMOS-IU-EQUO BERDEAK),31469,17.7,1
14,01,2019,Euskal Herria Bildu (EH Bildu),24747,14.0,1
14,01,2019,Partido Popular (PP),24385,13.7,0
14,01,2019,Ciudadanos-Partido de la Ciudadan&iacute;a (C's),7082,4.0,0
14,01,2019,Vox (VOX),5608,3.2,0
14,01,2019,Partido Animalista Contra el Maltrato Animal (PACMA),1869,1.1,0
14,01,2019,Recortes Cero-Grupo Verde,536,0.3,0
14,01,2019,Otros,573,0.3,0
07,02,2019,Censo,310207,,
07,02,2019,Votantes,237382,76.5,
07,02,2019,Nulos,2978,,
07,02,2019,V&aacute;lidos,234404,,
07,02,2019,Blancos,1705,,
07,02,2019,Partido Socialista Obrero Espa&ntilde;ol (PSOE),75005,32.0,2
07,02,2019,Partido Popular (PP),51817,22.1,1
07,02,2019,Ciudadanos-Partido de la Ciudadan&iacute;a (C's),43835,18.7,1
07,02,2019,Vox (VOX),33948,14.5,0
07,02,2019,Unidas Podemos (PODEMOS-IU-EQUO),24855,10.6,0
07,02,2019,Partido Animalista Contra el Maltrato Animal (PACMA),2205,0.9,0
07,02,2019,Recortes Cero-Grupo Verde,324,0.1,0
07,02,2019,Otros,710,0.3,0
17,03,2019,Censo,1272928,,
17,03,2019,Votantes,927652,72.9,
17,03,2019,Nulos,10154,,
17,03,2019,V&aacute;lidos,917498,,
17,03,2019,Blancos,6222,,
17,03,2019,Partido Socialista Obrero Espa&ntilde;ol (PSOE),259404,28.3,4
17,03,2019,Partido Popular (PP),179056,19.5,3
17,03,2019,Ciudadanos-Partido de la Ciudadan&iacute;a (C's),177691,19.4,2
17,03,2019,Unidas Podemos (PODEMOS-EUPV),127615,13.9,2
17,03,2019,Vox (VOX),115249,12.6,1
17,03,2019,Comprom&iacute;s: Bloc-Iniciativa-VerdsEquo (COMPROM&Iacute;S 2019),31030,3.4,0
17,03,2019,Partido Animalista Contra el Maltrato Animal (PACMA),12982,1.4,0
17,03,2019,Recortes Cero-Grupo Verde,1527,0.2,0
17,03,2019,Esquerra Republicana del Pais Valenci&agrave; (ERPV),1221,0.1,0
17,03,2019,Otros,5501,0.6,0
01,04,2019,Censo,500563,,
01,04,2019,Votantes,331015,66.1,
01,04,2019,Nulos,2918,,
01,04,2019,V&aacute;lidos,328097,,
01,04,2019,Blancos,2283,,
01,04,2019,Partido Socialista Obrero Espa&ntilde;ol (PSOE),98924,30.2,2
01,04,2019,Partido Popular (PP),73952,22.5,2
01,04,2019,Vox (VOX),62648,19.1,1
01,04,2019,Ciudadanos-Partido de la Ciudadan&iacute;a (C's),56268,17.1,1
01,04,2019,Unidas Podemos (PODEMOS-IU-EQUO),28934,8.8,0
01,04,2019,Partido Animalista Contra el Maltrato Animal (PACMA),3452,1.1,0
01,04,2019,Recortes Cero-Grupo Verde,412,0.1,0
01,04,2019,Otros,1224,0.4,0
08,05,2019,Censo,137119,,
08,05,2019,Votantes,103501,75.5,
08,05,2019,Nulos,1422,,
08,05,2019,V&aacute;lidos,102079,,
08,05,2019,Blancos,722,,
08,05,2019,Partido Popular (PP),32001,31.3,1
08,05,2019,Partido Socialista Obrero Espa&ntilde;ol (PSOE),26503,26.0,1
08,05,2019,Ciudadanos-Partido de la Ciudadan&iacute;a (C's),19102,18.7,1
08,05,2019,Vox (VOX),14623,14.3,0
08,05,2019,Unidas Podemos (PODEMOS-IU-EQUO),7730,7.6,0
08,05,2019,Partido Animalista Contra el Maltrato Animal (PACMA),673,0.7,0
08,05,2019,Recortes Cero-Grupo Verde,169,0.2,0
08,05,2019,Otros,556,0.5,0
10,06,2019,Censo,555447,,
10,06,2019,Votantes,414940,74.7,
10,06,2019,Nulos,6547,,
10,06,2019,V&aacute;lidos,408393,,
10,06,2019,Blancos,3424,,
10,06,2019,Partido Socialista Obrero Espa&ntilde;ol (PSOE),157164,38.5,3
10,06,2019,Partido Popular (PP),83278,20.4,1
10,06,2019,Ciudadanos-Partido de la Ciudadan&iacute;a (C's),75583,18.5,1
10,06,2019,Vox (VOX),44890,11.0,1
10,06,2019,Unidas Podemos (PODEMOS-IU-EQUO),38252,9.4,0
10,06,2019,Partido Animalista Contra el Maltrato Animal (PACMA),2938,0.7,0
10,06,2019,Recortes Cero-Grupo Verde,449,0.1,0
10,06,2019,Otros,2415,0.6,0
04,07,2019,Censo,801721,,
04,07,2019,Votantes,524101,65.4,
04,07,2019,Nulos,5594,,
04,07,2019,V&aacute;lidos,518507,,
04,07,2019,Blancos,4647,,
04,07,2019,Partido Socialista Obrero Espa&ntilde;ol (PSOE),136698,26.4,3
04,07,2019,Unidas Podemos (PODEMOS-IU-EQUO),92477,17.8,2
04,07,2019,Ciudadanos-Partido de la Ciudadan&iacute;a (C's),90340,17.4,1
04,07,2019,Partido Popular (PP),87352,16.8,1
04,07,2019,Vox (VOX),58567,11.3,1
04,07,2019,Partido Animalista Contra el Maltrato Animal (PACMA),8864,1.7,0
04,07,2019,Recortes Cero-Grupo Verde,1197,0.2,0
04,07,2019,Otros,38365,7.4,0
09,08,2019,Censo,4178927,,
09,08,2019,Votantes,3134881,75.0,
09,08,2019,Nulos,14440,,
09,08,2019,V&aacute;lidos,3120441,,
09,08,2019,Blancos,16747,,
09,08,2019,Partit dels Socialistes de Catalunya (PSC-PSOE),769548,24.7,9
09,08,2019,Esquerra Republicana de Catalunya-Sobiranistes (ERC-SOBIRANISTES),716714,23.0,8
09,08,2019,En Com&uacute; Podem (ECP),509016,16.3,6
09,08,2019,Ciutadans-Partido de la Ciudadan&iacute;a (C's),373820,12.0,4
09,08,2019,Junts per Catalunya (JxCAT-JUNTS),316904,10.2,3
09,08,2019,Partit Popular / Partido Popular (PP),155935,5.0,1
09,08,2019,Vox (VOX),112019,3.6,1
09,08,2019,Poble Lliure-Som Alternativa-Pirates: Front Republic&agrave; (FRONT REPUBLIC&Agrave;),84945,2.7,0
09,08,2019,Partido Animalista Contra el Maltrato Animal (PACMA),50505,1.6,0
09,08,2019,Recortes Cero-Grupo Verde,5845,0.2,0
09,08,2019,Otros,8443,0.3,0
08,09,2019,Censo,299337,,
08,09,2019,Votantes,222580,74.4,
08,09,2019,Nulos,3027,,
08,09,2019,V&aacute;lidos,219553,,
08,09,2019,Blancos,2275,,
08,09,2019,Partido Socialista Obrero Espa&ntilde;ol (PSOE),64287,29.3,2
08,09,2019,Partido Popular (PP),53926,24.6,1
08,09,2019,Ciudadanos-Partido de la Ciudadan&iacute;a (C's),43533,19.8,1
08,09,2019,Unidas Podemos (PODEMOS-IU-EQUO),27436,12.5,0
08,09,2019,Vox (VOX),24382,11.1,0
08,09,2019,Partido Animalista Contra el Maltrato Animal (PACMA),1981,0.9,0
08,09,2019,Recortes Cero-Grupo Verde,715,0.3,0
08,09,2019,Otros,1018,0.5,0
10,10,2019,Censo,345155,,
10,10,2019,Votantes,253058,73.3,
10,10,2019,Nulos,4326,,
10,10,2019,V&aacute;lidos,248732,,
10,10,2019,Blancos,1770,,
10,10,2019,Partido Socialista Obrero Espa&ntilde;ol (PSOE),93016,37.4,2
10,10,2019,Partido Popular (PP),57195,23.0,1
10,10,2019,Ciudadanos-Partido de la Ciudadan&iacute;a (C's),42452,17.1,1
10,10,2019,Vox (VOX),25903,10.4,0
10,10,2019,Unidas Podemos (PODEMOS-IU-EQUO),24292,9.8,0
10,10,2019,Partido Animalista Contra el Maltrato Animal (PACMA),1724,0.7,0
10,10,2019,Recortes Cero-Grupo Verde,407,0.2,0
10,10,2019,Otros,1973,0.8,0
01,11,2019,Censo,1000037,,
01,11,2019,Votantes,675912,67.6,
01,11,2019,Nulos,8350,,
01,11,2019,V&aacute;lidos,667562,,
01,11,2019,Blancos,8206,,
01,11,2019,Partido Socialista Obrero Espa&ntilde;ol (PSOE),210131,31.5,3
01,11,2019,Ciudadanos-Partido de la Ciudadan&iacute;a (C's),131567,19.7,2
01,11,2019,Unidas Podemos (PODEMOS-IU-EQUO),110807,16.6,2
01,11,2019,Partido Popular (PP),99394,14.9,1
01,11,2019,Vox (VOX),87438,13.1,1
01,11,2019,Partido Animalista Contra el Maltrato Animal (PACMA),11079,1.7,0
01,11,2019,Recortes Cero-Grupo Verde,1620,0.2,0
01,11,2019,Otros,7320,1.1,0
17,12,2019,Censo,419714,,
17,12,2019,Votantes,317302,75.6,
17,12,2019,Nulos,3909,,
17,12,2019,V&aacute;lidos,313393,,
17,12,2019,Blancos,2301,,
17,12,2019,Partido Socialista Obrero Espa&ntilde;ol (PSOE),92379,29.5,2
17,12,2019,Partido Popular (PP),63756,20.3,1
17,12,2019,Ciudadanos-Partido de la Ciudadan&iacute;a (C's),51017,16.3,1
17,12,2019,Unidas Podemos (PODEMOS-EUPV),43656,13.9,1
17,12,2019,Vox (VOX),37551,12.0,0
17,12,2019,Comprom&iacute;s: Bloc-Iniciativa-VerdsEquo (COMPROM&Iacute;S 2019),16713,5.3,0
17,12,2019,Partido Animalista Contra el Maltrato Animal (PACMA),3381,1.1,0
17,12,2019,Esquerra Republicana del Pais Valenci&agrave; (ERPV),859,0.3,0
17,12,2019,Recortes Cero-Grupo Verde,341,0.1,0
17,12,2019,Otros,1439,0.5,0
07,13,2019,Censo,396510,,
07,13,2019,Votantes,298148,75.2,
07,13,2019,Nulos,4241,,
07,13,2019,V&aacute;lidos,293907,,
07,13,2019,Blancos,2464,,
07,13,2019,Partido Socialista Obrero Espa&ntilde;ol (PSOE),100720,34.3,2
07,13,2019,Partido Popular (PP),69559,23.7,1
07,13,2019,Ciudadanos-Partido de la Ciudadan&iacute;a (C's),50733,17.3,1
07,13,2019,Vox (VOX),40313,13.7,1
07,13,2019,Unidas Podemos (PODEMOS-IU-EQUO),26952,9.2,0
07,13,2019,Partido Animalista Contra el Maltrato Animal (PACMA),2360,0.8,0
07,13,2019,Recortes Cero-Grupo Verde,529,0.2,0
07,13,2019,Otros,277,0.1,0
01,14,2019,Censo,648790,,
01,14,2019,Votantes,480773,74.1,
01,14,2019,Nulos,7057,,
01,14,2019,V&aacute;lidos,473716,,
01,14,2019,Blancos,4755,,
01,14,2019,Partido Socialista Obrero Espa&ntilde;ol (PSOE),163000,34.4,2
01,14,2019,Partido Popular (PP),89203,18.8,1
01,14,2019,Ciudadanos-Partido de la Ciudadan&iacute;a (C's),79978,16.9,1
01,14,2019,Unidas Podemos (PODEMOS-IU-EQUO),70427,14.9,1
01,14,2019,Vox (VOX),56919,12.0,1
01,14,2019,Partido Animalista Contra el Maltrato Animal (PACMA),4946,1.0,0
01,14,2019,Recortes Cero-Grupo Verde,756,0.2,0
01,14,2019,Otros,3732,0.8,0
11,15,2019,Censo,1087856,,
11,15,2019,Votantes,686409,63.1,
11,15,2019,Nulos,9067,,
11,15,2019,V&aacute;lidos,677342,,
11,15,2019,Blancos,7901,,
11,15,2019,Partido dos Socialistas de Galicia-PSOE (PSdeG-PSOE),212665,31.4,3
11,15,2019,Partido Popular (PP),172799,25.5,3
11,15,2019,En Com&uacute;n-Unidas Podemos (PODEMOS-EU-MAREAS EN COM&Uacute;N-EQUO),100019,14.8,1
11,15,2019,Ciudadanos-Partido de la Ciudadan&iacute;a (C's),81677,12.1,1
11,15,2019,Bloque Nacionalista Galego (BNG),45095,6.7,0
11,15,2019,Vox (VOX),38187,5.6,0
11,15,2019,Partido Animalista Contra el Maltrato Animal (PACMA),7176,1.1,0
11,15,2019,Recortes Cero-Grupo Verde,1331,0.2,0
11,15,2019,Otros,10492,1.5,0
07,16,2019,Censo,155014,,
07,16,2019,Votantes,121127,78.1,
07,16,2019,Nulos,1597,,
07,16,2019,V&aacute;lidos,119530,,
07,16,2019,Blancos,1015,,
07,16,2019,Partido Socialista Obrero Espa&ntilde;ol (PSOE),42654,35.7,2
07,16,2019,Partido Popular (PP),31997,26.8,1
07,16,2019,Vox (VOX),16755,14.0,0
07,16,2019,Ciudadanos-Partido de la Ciudadan&iacute;a (C's),16467,13.8,0
07,16,2019,Unidas Podemos (PODEMOS-IU-EQUO),9482,7.9,0
07,16,2019,Partido Animalista Contra el Maltrato Animal (PACMA),776,0.6,0
07,16,2019,Recortes Cero-Grupo Verde,135,0.1,0
07,16,2019,Otros,249,0.2,0
09,17,2019,Censo,522860,,
09,17,2019,Votantes,384473,73.5,
09,17,2019,Nulos,2198,,
09,17,2019,V&aacute;lidos,382275,,
09,17,2019,Blancos,1854,,
09,17,2019,Esquerra Republicana de Catalunya-Sobiranistes (ERC-SOBIRANISTES),114031,29.8,3
09,17,2019,Junts per Catalunya (JxCAT-JUNTS),85863,22.5,2
09,17,2019,Partit dels Socialistes de Catalunya (PSC-PSOE),65422,17.1,1
09,17,2019,En Com&uacute; Podem (ECP),36947,9.7,0
09,17,2019,Ciutadans-Partido de la Ciudadan&iacute;a (C's),34009,8.9,0
09,17,2019,Poble Lliure-Som Alternativa-Pirates: Front Republic&agrave; (FRONT REPUBLIC&Agrave;),14434,3.8,0
09,17,2019,Partit Popular / Partido Popular (PP),12377,3.2,0
09,17,2019,Vox (VOX),10715,2.8,0
09,17,2019,Partido Animalista Contra el Maltrato Animal (PACMA),5112,1.3,0
09,17,2019,Recortes Cero-Grupo Verde,433,0.1,0
09,17,2019,Otros,1078,0.3,0
01,18,2019,Censo,752991,,
01,18,2019,Votantes,531552,70.6,
01,18,2019,Nulos,7709,,
01,18,2019,V&aacute;lidos,523843,,
01,18,2019,Blancos,3728,,
01,18,2019,Partido Socialista Obrero Espa&ntilde;ol (PSOE),177478,33.9,3
01,18,2019,Partido Popular (PP),96588,18.4,1
01,18,2019,Ciudadanos-Partido de la Ciudadan&iacute;a (C's),90935,17.4,1
01,18,2019,Vox (VOX),73914,14.1,1
01,18,2019,Unidas Podemos (PODEMOS-IU-EQUO),71466,13.6,1
01,18,2019,Partido Animalista Contra el Maltrato Animal (PACMA),5804,1.1,0
01,18,2019,Recortes Cero-Grupo Verde,630,0.1,0
01,18,2019,Otros,3300,0.6,0
07,19,2019,Censo,186507,,
07,19,2019,Votantes,144611,77.5,
07,19,2019,Nulos,1904,,
07,19,2019,V&aacute;lidos,142707,,
07,19,2019,Blancos,996,,
07,19,2019,Partido Socialista Obrero Espa&ntilde;ol (PSOE),42521,29.8,1
07,19,2019,Partido Popular (PP),28618,20.1,1
07,19,2019,Ciudadanos-Partido de la Ciudadan&iacute;a (C's),26817,18.8,1
07,19,2019,Vox (VOX),23501,16.5,0
07,19,2019,Unidas Podemos (PODEMOS-IU-EQUO),17524,12.3,0
07,19,2019,Partido Animalista Contra el Maltrato Animal (PACMA),1816,1.3,0
07,19,2019,Recortes Cero-Grupo Verde,335,0.2,0
07,19,2019,Otros,579,0.4,0
14,20,2019,Censo,583745,,
14,20,2019,Votantes,414600,71.0,
14,20,2019,Nulos,2474,,
14,20,2019,V&aacute;lidos,412126,,
14,20,2019,Blancos,2422,,
14,20,2019,Euzko Alderdi Jeltzalea-Partido Nacionalista Vasco (EAJ-PNV),119668,29.0,2
14,20,2019,Euskal Herria Bildu (EH Bildu),96364,23.4,2
14,20,2019,Partido Socialista de Euskadi-Euskadiko Ezkerra (PSE-EE/PSOE),77720,18.9,1
14,20,2019,Elkarrekin Podemos-Unidas Podemos (PODEMOS-IU-EQUO BERDEAK),71296,17.3,1
14,20,2019,Partido Popular (PP),20797,5.0,0
14,20,2019,Ciudadanos-Partido de la Ciudadan&iacute;a (C's),11892,2.9,0
14,20,2019,Vox (VOX),6783,1.6,0
14,20,2019,Partido Animalista Contra el Maltrato Animal (PACMA),3171,0.8,0
14,20,2019,Recortes Cero-Grupo Verde,593,0.1,0
14,20,2019,Otros,1420,0.3,0
01,21,2019,Censo,397592,,
01,21,2019,Votantes,268999,67.7,
01,21,2019,Nulos,4430,,
01,21,2019,V&aacute;lidos,264569,,
01,21,2019,Blancos,2909,,
01,21,2019,Partido Socialista Obrero Espa&ntilde;ol (PSOE),97766,37.0,2
01,21,2019,Partido Popular (PP),44909,17.0,1
01,21,2019,Ciudadanos-Partido de la Ciudadan&iacute;a (C's),44842,16.9,1
01,21,2019,Unidas Podemos (PODEMOS-IU-EQUO),34396,13.0,1
01,21,2019,Vox (VOX),33920,12.8,0
01,21,2019,Partido Animalista Contra el Maltrato Animal (PACMA),3182,1.2,0
01,21,2019,Recortes Cero-Grupo Verde,646,0.2,0
01,21,2019,Otros,1999,0.8,0
02,22,2019,Censo,172644,,
02,22,2019,Votantes,126720,73.4,
02,22,2019,Nulos,1406,,
02,22,2019,V&aacute;lidos,125314,,
02,22,2019,Blancos,1271,,
02,22,2019,Partido Socialista Obrero Espa&ntilde;ol (PSOE),41354,33.0,1
02,22,2019,Partido Popular (PP),25149,20.1,1
02,22,2019,Ciudadanos-Partido de la Ciudadan&iacute;a (C's),24568,19.6,1
02,22,2019,Unidas Podemos-Alto Arag&oacute;n en Com&uacute;n (PODEMOS-IU-EQUO-AAeC),17151,13.7,0
02,22,2019,Vox (VOX),13389,10.7,0
02,22,2019,Partido Animalista Contra el Maltrato Animal (PACMA),1013,0.8,0
02,22,2019,Recortes Cero-Grupo Verde,284,0.2,0
02,22,2019,Otros,1135,0.9,0
01,23,2019,Censo,526911,,
01,23,2019,Votantes,392085,74.4,
01,23,2019,Nulos,5169,,
01,23,2019,V&aacute;lidos,386916,,
01,23,2019,Blancos,2524,,
01,23,2019,Partido Socialista Obrero Espa&ntilde;ol (PSOE),152932,39.5,3
01,23,2019,Partido Popular (PP),75885,19.6,1
01,23,2019,Ciudadanos-Partido de la Ciudadan&iacute;a (C's),61413,15.9,1
01,23,2019,Vox (VOX),46934,12.1,0
01,23,2019,Unidas Podemos (PODEMOS-IU-EQUO),40880,10.6,0
01,23,2019,Partido Animalista Contra el Maltrato Animal (PACMA),3369,0.9,0
01,23,2019,Recortes Cero-Grupo Verde,401,0.1,0
01,23,2019,Otros,2578,0.7,0
08,24,2019,Censo,433575,,
08,24,2019,Votantes,295778,68.2,
08,24,2019,Nulos,4178,,
08,24,2019,V&aacute;lidos,291600,,
08,24,2019,Blancos,2899,,
08,24,2019,Partido Socialista Obrero Espa&ntilde;ol (PSOE),95536,32.8,2
08,24,2019,Partido Popular (PP),68530,23.5,1
08,24,2019,Ciudadanos-Partido de la Ciudadan&iacute;a (C's),50945,17.5,1
08,24,2019,Unidas Podemos (PODEMOS-IU-EQUO),35103,12.0,0
08,24,2019,Vox (VOX),33653,11.5,0
08,24,2019,Partido Animalista Contra el Maltrato Animal (PACMA),2338,0.8,0
08,24,2019,Recortes Cero-Grupo Verde,299,0.1,0
08,24,2019,Otros,2297,0.8,0
09,25,2019,Censo,314558,,
09,25,2019,Votantes,227046,72.2,
09,25,2019,Nulos,1391,,
09,25,2019,V&aacute;lidos,225655,,
09,25,2019,Blancos,1479,,
09,25,2019,Esquerra Republicana de Catalunya-Sobiranistes (ERC-SOBIRANISTES),75760,33.6,2
09,25,2019,Junts per Catalunya (JxCAT-JUNTS),46781,20.7,1
09,25,2019,Partit dels Socialistes de Catalunya (PSC-PSOE),37637,16.7,1
09,25,2019,Ciutadans-Partido de la Ciudadan&iacute;a (C's),19150,8.5,0
09,25,2019,En Com&uacute; Podem (ECP),18723,8.3,0
09,25,2019,Partit Popular / Partido Popular (PP),11153,4.9,0
09,25,2019,Poble Lliure-Som Alternativa-Pirates: Front Republic&agrave; (FRONT REPUBLIC&Agrave;),6194,2.7,0
09,25,2019,Vox (VOX),6005,2.7,0
09,25,2019,Partido Animalista Contra el Maltrato Animal (PACMA),2089,0.9,0
09,25,2019,Recortes Cero-Grupo Verde,204,0.1,0
09,25,2019,Otros,480,0.2,0
16,26,2019,Censo,249839,,
16,26,2019,Votantes,183344,73.4,
16,26,2019,Nulos,2512,,
16,26,2019,V&aacute;lidos,180832,,
16,26,2019,Blancos,1460,,
16,26,2019,Partido Socialista Obrero Espa&ntilde;ol (PSOE),57307,31.7,2
16,26,2019,Partido Popular (PP),47947,26.5,1
16,26,2019,Ciudadanos-Partido de la Ciudadan&iacute;a (C's),32181,17.8,1
16,26,2019,Unidas Podemos (PODEMOS-IU-EQUO),21331,11.8,0
16,26,2019,Vox (VOX),16255,9.0,0
16,26,2019,Partido Animalista Contra el Maltrato Animal (PACMA),1394,0.8,0
16,26,2019,Recortes Cero-Grupo Verde,275,0.2,0
16,26,2019,Otros,2682,1.5,0
11,27,2019,Censo,345038,,
11,27,2019,Votantes,203751,59.1,
11,27,2019,Nulos,3753,,
11,27,2019,V&aacute;lidos,199998,,
11,27,2019,Blancos,2320,,
11,27,2019,Partido Popular (PP),67191,33.6,2
11,27,2019,Partido dos Socialistas de Galicia-PSOE (PSdeG-PSOE),66441,33.2,2
11,27,2019,En Com&uacute;n-Unidas Podemos (PODEMOS-EU-MAREAS EN COM&Uacute;N-EQUO),20282,10.1,0
11,27,2019,Ciudadanos-Partido de la Ciudadan&iacute;a (C's),17812,8.9,0
11,27,2019,Vox (VOX),11450,5.7,0
11,27,2019,Bloque Nacionalista Galego (BNG),9658,4.8,0
11,27,2019,Partido Animalista Contra el Maltrato Animal (PACMA),1602,0.8,0
11,27,2019,Recortes Cero-Grupo Verde,306,0.2,0
11,27,2019,Otros,2936,1.5,0
12,28,2019,Censo,5054955,,
12,28,2019,Votantes,3814359,75.5,
12,28,2019,Nulos,32112,,
12,28,2019,V&aacute;lidos,3782247,,
12,28,2019,Blancos,24631,,
12,28,2019,Partido Socialista Obrero Espa&ntilde;ol (PSOE),1031534,27.3,11
12,28,2019,Ciudadanos-Partido de la Ciudadan&iacute;a (C's),792203,20.9,8
12,28,2019,Partido Popular (PP),705119,18.6,7
12,28,2019,Unidas Podemos (PODEMOS-IU-EQUO),613911,16.2,6
12,28,2019,Vox (VOX),524176,13.9,5
12,28,2019,Partido Animalista Contra el Maltrato Animal (PACMA),50909,1.3,0
12,28,2019,Recortes Cero-Grupo Verde,7512,0.2,0
12,28,2019,Otros,32252,0.9,0
01,29,2019,Censo,1191841,,
01,29,2019,Votantes,826474,69.3,
01,29,2019,Nulos,9606,,
01,29,2019,V&aacute;lidos,816868,,
01,29,2019,Blancos,7288,,
01,29,2019,Partido Socialista Obrero Espa&ntilde;ol (PSOE),251908,30.8,4
01,29,2019,Ciudadanos-Partido de la Ciudadan&iacute;a (C's),159316,19.5,2
01,29,2019,Partido Popular (PP),144562,17.7,2
01,29,2019,Unidas Podemos (PODEMOS-IU-EQUO),118537,14.5,2
01,29,2019,Vox (VOX),114199,14.0,1
01,29,2019,Partido Animalista Contra el Maltrato Animal (PACMA),15122,1.9,0
01,29,2019,Recortes Cero-Grupo Verde,1769,0.2,0
01,29,2019,Otros,4167,0.5,0
15,30,2019,Censo,1057296,,
15,30,2019,Votantes,777423,73.5,
15,30,2019,Nulos,8339,,
15,30,2019,V&aacute;lidos,769084,,
15,30,2019,Blancos,4771,,
15,30,2019,Partido Socialista Obrero Espa&ntilde;ol (PSOE),190540,24.8,3
15,30,2019,Partido Popular (PP),180163,23.4,2
15,30,2019,Ciudadanos-Partido de la Ciudadan&iacute;a (C's),150289,19.5,2
15,30,2019,Vox (VOX),143234,18.6,2
15,30,2019,Unidas Podemos (PODEMOS-IU-EQUO),80053,10.4,1
15,30,2019,Partido Animalista Contra el Maltrato Animal (PACMA),10611,1.4,0
15,30,2019,Recortes Cero-Grupo Verde,1406,0.2,0
15,30,2019,Otros,8017,1.0,0
13,31,2019,Censo,511085,,
13,31,2019,Votantes,370706,72.5,
13,31,2019,Nulos,3708,,
13,31,2019,V&aacute;lidos,366998,,
13,31,2019,Blancos,3767,,
13,31,2019,Navarra Suma (NA+),107619,29.3,2
13,31,2019,Partido Socialista Obrero Espa&ntilde;ol (PSOE),94551,25.8,2
13,31,2019,Unidas Podemos (PODEMOS-IU-EQUO),68393,18.6,1
13,31,2019,Euskal Herria Bildu (EH Bildu),46765,12.7,0
13,31,2019,Vox (VOX),17771,4.8,0
13,31,2019,Partido Animalista Contra el Maltrato Animal (PACMA),3325,0.9,0
13,31,2019,Recortes Cero-Grupo Verde,1295,0.4,0
13,31,2019,Otros,23512,6.4,0
11,32,2019,Censo,361188,,
11,32,2019,Votantes,194913,54.0,
11,32,2019,Nulos,2390,,
11,32,2019,V&aacute;lidos,192523,,
11,32,2019,Blancos,1804,,
11,32,2019,Partido Popular (PP),67020,34.8,2
11,32,2019,Partido dos Socialistas de Galicia-PSOE (PSdeG-PSOE),63304,32.9,2
11,32,2019,Ciudadanos-Partido de la Ciudadan&iacute;a (C's),20689,10.7,0
11,32,2019,En Com&uacute;n-Unidas Podemos (PODEMOS-EU-MAREAS EN COM&Uacute;N-EQUO),17213,8.9,0
11,32,2019,Vox (VOX),9984,5.2,0
11,32,2019,Bloque Nacionalista Galego (BNG),7548,3.9,0
11,32,2019,Partido Animalista Contra el Maltrato Animal (PACMA),1576,0.8,0
11,32,2019,Recortes Cero-Grupo Verde,202,0.1,0
11,32,2019,Otros,3183,1.7,0
03,33,2019,Censo,974491,,
03,33,2019,Votantes,633601,65.0,
03,33,2019,Nulos,6940,,
03,33,2019,V&aacute;lidos,626661,,
03,33,2019,Blancos,6858,,
03,33,2019,Partido Socialista Obrero Espa&ntilde;ol (PSOE),207586,33.1,3
03,33,2019,Partido Popular-Foro Asturias (PP-FORO),112180,17.9,1
03,33,2019,Unidas Podemos (PODEMOS-IU-EQUO),107426,17.1,1
03,33,2019,Ciudadanos-Partido de la Ciudadan&iacute;a (C's),104688,16.7,1
03,33,2019,Vox (VOX),72018,11.5,1
03,33,2019,Partido Animalista Contra el Maltrato Animal (PACMA),6670,1.1,0
03,33,2019,Recortes Cero-Grupo Verde,1133,0.2,0
03,33,2019,Otros,8102,1.3,0
08,34,2019,Censo,141714,,
08,34,2019,Votantes,107416,75.8,
08,34,2019,Nulos,1373,,
08,34,2019,V&aacute;lidos,106043,,
08,34,2019,Blancos,1010,,
08,34,2019,Partido Socialista Obrero Espa&ntilde;ol (PSOE),33209,31.3,1
08,34,2019,Partido Popular (PP),31332,29.5,1
08,34,2019,Ciudadanos-Partido de la Ciudadan&iacute;a (C's),16843,15.9,1
08,34,2019,Vox (VOX),12407,11.7,0
08,34,2019,Unidas Podemos (PODEMOS-IU-EQUO),9787,9.2,0
08,34,2019,Partido Animalista Contra el Maltrato Animal (PACMA),799,0.8,0
08,34,2019,Recortes Cero-Grupo Verde,265,0.2,0
08,34,2019,Otros,391,0.4,0
05,35,2019,Censo,868186,,
05,35,2019,Votantes,552491,63.6,
05,35,2019,Nulos,7439,,
05,35,2019,V&aacute;lidos,545052,,
05,35,2019,Blancos,4261,,
05,35,2019,Partido Socialista Obrero Espa&ntilde;ol (PSOE),154342,28.3,3
05,35,2019,Unidas Podemos (PODEMOS-IU-EQUO),91216,16.7,2
05,35,2019,Partido Popular (PP),88313,16.2,2
05,35,2019,Ciudadanos-Partido de la Ciudadan&iacute;a (C's),84015,15.4,1
05,35,2019,Vox (VOX),38229,7.0,0
05,35,2019,Nueva Canarias (NCa),36225,6.6,0
05,35,2019,Coalici&oacute;n Canaria-Partido Nacionalista Canario (CCa-PNC),34853,6.4,0
05,35,2019,Partido Animalista Contra el Maltrato Animal (PACMA),8669,1.6,0
05,35,2019,Recortes Cero-Grupo Verde,1439,0.3,0
05,35,2019,Otros,3490,0.6,0
11,36,2019,Censo,905041,,
11,36,2019,Votantes,584796,64.6,
11,36,2019,Nulos,8609,,
11,36,2019,V&aacute;lidos,576187,,
11,36,2019,Blancos,5257,,
11,36,2019,Partido dos Socialistas de Galicia-PSOE (PSdeG-PSOE),185785,32.2,3
11,36,2019,Partido Popular (PP),144290,25.0,2
11,36,2019,En Com&uacute;n-Unidas Podemos (PODEMOS-EU-MAREAS EN COM&Uacute;N-EQUO),100547,17.5,1
11,36,2019,Ciudadanos-Partido de la Ciudadan&iacute;a (C's),63867,11.1,1
11,36,2019,Bloque Nacionalista Galego (BNG),32132,5.6,0
11,36,2019,Vox (VOX),27426,4.8,0
11,36,2019,Partido Animalista Contra el Maltrato Animal (PACMA),6859,1.2,0
11,36,2019,Recortes Cero-Grupo Verde,1007,0.2,0
11,36,2019,Otros,9017,1.6,0
08,37,2019,Censo,306075,,
08,37,2019,Votantes,213213,69.7,
08,37,2019,Nulos,2567,,
08,37,2019,V&aacute;lidos,210646,,
08,37,2019,Blancos,1834,,
08,37,2019,Partido Popular (PP),60154,28.6,2
08,37,2019,Partido Socialista Obrero Espa&ntilde;ol (PSOE),59331,28.2,1
08,37,2019,Ciudadanos-Partido de la Ciudadan&iacute;a (C's),43580,20.7,1
08,37,2019,Vox (VOX),26631,12.6,0
08,37,2019,Unidas Podemos (PODEMOS-IU-EQUO),16575,7.9,0
08,37,2019,Partido Animalista Contra el Maltrato Animal (PACMA),1370,0.7,0
08,37,2019,Recortes Cero-Grupo Verde,275,0.1,0
08,37,2019,Otros,896,0.4,0
05,38,2019,Censo,851896,,
05,38,2019,Votantes,521882,61.3,
05,38,2019,Nulos,5398,,
05,38,2019,V&aacute;lidos,516484,,
05,38,2019,Blancos,3352,,
05,38,2019,Partido Socialista Obrero Espa&ntilde;ol (PSOE),141132,27.3,2
05,38,2019,Coalici&oacute;n Canaria-Partido Nacionalista Canario (CCa-PNC),102811,19.9,2
05,38,2019,Partido Popular (PP),76491,14.8,1
05,38,2019,Unidas Podemos (PODEMOS-IU-EQUO),75695,14.7,1
05,38,2019,Ciudadanos-Partido de la Ciudadan&iacute;a (C's),71667,13.9,1
05,38,2019,Vox (VOX),31385,6.1,0
05,38,2019,Partido Animalista Contra el Maltrato Animal (PACMA),9157,1.8,0
05,38,2019,Recortes Cero-Grupo Verde,1212,0.2,0
05,38,2019,Otros,3582,0.7,0
06,39,2019,Censo,501411,,
06,39,2019,Votantes,362910,72.4,
06,39,2019,Nulos,3806,,
06,39,2019,V&aacute;lidos,359104,,
06,39,2019,Blancos,2303,,
06,39,2019,Partido Socialista Obrero Espa&ntilde;ol (PSOE),90534,25.2,2
06,39,2019,Partido Popular (PP),77902,21.7,1
06,39,2019,Ciudadanos-Partido de la Ciudadan&iacute;a (C's),54361,15.1,1
06,39,2019,Partido Regionalista de Cantabria (PRC),52266,14.6,1
06,39,2019,Vox (VOX),40139,11.2,0
06,39,2019,Unidas Podemos (PODEMOS-IU-EQUO),36784,10.2,0
06,39,2019,Partido Animalista Contra el Maltrato Animal (PACMA),3049,0.8,0
06,39,2019,Recortes Cero-Grupo Verde,332,0.1,0
06,39,2019,Otros,1434,0.4,0
08,40,2019,Censo,119616,,
08,40,2019,Votantes,93986,78.6,
08,40,2019,Nulos,1478,,
08,40,2019,V&aacute;lidos,92508,,
08,40,2019,Blancos,779,,
08,40,2019,Partido Socialista Obrero Espa&ntilde;ol (PSOE),26088,28.2,1
08,40,2019,Partido Popular (PP),24853,26.9,1
08,40,2019,Ciudadanos-Partido de la Ciudadan&iacute;a (C's),18460,20.0,1
08,40,2019,Vox (VOX),11468,12.4,0
08,40,2019,Unidas Podemos (PODEMOS-IU-EQUO),8931,9.7,0
08,40,2019,Partido Animalista Contra el Maltrato Animal (PACMA),611,0.7,0
08,40,2019,Recortes Cero-Grupo Verde,183,0.2,0
08,40,2019,Otros,1135,1.2,0
01,41,2019,Censo,1544180,,
01,41,2019,Votantes,1138563,73.7,
01,41,2019,Nulos,16056,,
01,41,2019,V&aacute;lidos,1122507,,
01,41,2019,Blancos,11391,,
01,41,2019,Partido Socialista Obrero Espa&ntilde;ol (PSOE),416543,37.1,5
01,41,2019,Ciudadanos-Partido de la Ciudadan&iacute;a (C's),187243,16.7,2
01,41,2019,Unidas Podemos (PODEMOS-IU-EQUO),179497,16.0,2
01,41,2019,Partido Popular (PP),162891,14.5,2
01,41,2019,Vox (VOX),136949,12.2,1
01,41,2019,Partido Animalista Contra el Maltrato Animal (PACMA),15073,1.3,0
01,41,2019,Recortes Cero-Grupo Verde,1592,0.1,0
01,41,2019,Otros,11328,1.0,0
08,42,2019,Censo,76861,,
08,42,2019,Votantes,52892,68.8,
08,42,2019,Nulos,815,,
08,42,2019,V&aacute;lidos,52077,,
08,42,2019,Blancos,642,,
08,42,2019,Partido Socialista Obrero Espa&ntilde;ol (PSOE),16513,31.7,1
08,42,2019,Partido Popular (PP),13887,26.7,1
08,42,2019,Ciudadanos-Partido de la Ciudadan&iacute;a (C's),8501,16.3,0
08,42,2019,Vox (VOX),4866,9.3,0
08,42,2019,Unidas Podemos (PODEMOS-IU-EQUO),4481,8.6,0
08,42,2019,Partido Animalista Contra el Maltrato Animal (PACMA),263,0.5,0
08,42,2019,Recortes Cero-Grupo Verde,103,0.2,0
08,42,2019,Otros,2821,5.4,0
09,43,2019,Censo,571800,,
09,43,2019,Votantes,420772,73.6,
09,43,2019,Nulos,2580,,
09,43,2019,V&aacute;lidos,418192,,
09,43,2019,Blancos,2202,,
09,43,2019,Esquerra Republicana de Catalunya-Sobiranistes (ERC-SOBIRANISTES),113887,27.2,2
09,43,2019,Partit dels Socialistes de Catalunya (PSC-PSOE),89650,21.4,1
09,43,2019,Ciutadans-Partido de la Ciudadan&iacute;a (C's),52395,12.5,1
09,43,2019,Junts per Catalunya (JxCAT-JUNTS),51239,12.3,1
09,43,2019,En Com&uacute; Podem (ECP),50979,12.2,1
09,43,2019,Partit Popular / Partido Popular (PP),21376,5.1,0
09,43,2019,Vox (VOX),20105,4.8,0
09,43,2019,Poble Lliure-Som Alternativa-Pirates: Front Republic&agrave; (FRONT REPUBLIC&Agrave;),8234,2.0,0
09,43,2019,Partido Animalista Contra el Maltrato Animal (PACMA),6189,1.5,0
09,43,2019,Recortes Cero-Grupo Verde,462,0.1,0
09,43,2019,Otros,1474,0.4,0
02,44,2019,Censo,107734,,
02,44,2019,Votantes,79427,73.7,
02,44,2019,Nulos,1344,,
02,44,2019,V&aacute;lidos,78083,,
02,44,2019,Blancos,823,,
02,44,2019,Partido Socialista Obrero Espa&ntilde;ol (PSOE),25629,32.8,1
02,44,2019,Partido Popular (PP),18566,23.8,1
02,44,2019,Ciudadanos-Partido de la Ciudadan&iacute;a (C's),15357,19.7,1
02,44,2019,Vox (VOX),8336,10.7,0
02,44,2019,Unidas Podemos (PODEMOS-IU-EQUO),8224,10.5,0
02,44,2019,Partido Animalista Contra el Maltrato Animal (PACMA),452,0.6,0
02,44,2019,Recortes Cero-Grupo Verde,113,0.1,0
02,44,2019,Otros,583,0.7,0
07,45,2019,Censo,524326,,
07,45,2019,Votantes,402886,76.8,
07,45,2019,Nulos,5976,,
07,45,2019,V&aacute;lidos,396910,,
07,45,2019,Blancos,2483,,
07,45,2019,Partido Socialista Obrero Espa&ntilde;ol (PSOE),123561,31.1,2
07,45,2019,Partido Popular (PP),87134,22.0,2
07,45,2019,Ciudadanos-Partido de la Ciudadan&iacute;a (C's),69678,17.6,1
07,45,2019,Vox (VOX),66927,16.9,1
07,45,2019,Unidas Podemos (PODEMOS-IU-EQUO),41934,10.6,0
07,45,2019,Partido Animalista Contra el Maltrato Animal (PACMA),3931,1.0,0
07,45,2019,Recortes Cero-Grupo Verde,703,0.2,0
07,45,2019,Otros,559,0.1,0
17,46,2019,Censo,1964556,,
17,46,2019,Votantes,1471825,74.9,
17,46,2019,Nulos,15298,,
17,46,2019,V&aacute;lidos,1456527,,
17,46,2019,Blancos,9156,,
17,46,2019,Partido Socialista Obrero Espa&ntilde;ol (PSOE),394703,27.1,4
17,46,2019,Partido Popular (PP),255868,17.6,3
17,46,2019,Ciudadanos-Partido de la Ciudadan&iacute;a (C's),254360,17.5,3
17,46,2019,Unidas Podemos (PODEMOS-EUPV),211527,14.5,2
17,46,2019,Vox (VOX),170070,11.7,2
17,46,2019,Comprom&iacute;s: Bloc-Iniciativa-VerdsEquo (COMPROM&Iacute;S 2019),126078,8.7,1
17,46,2019,Partido Animalista Contra el Maltrato Animal (PACMA),20923,1.4,0
17,46,2019,Esquerra Republicana del Pais Valenci&agrave; (ERPV),2156,0.1,0
17,46,2019,Recortes Cero-Grupo Verde,2108,0.1,0
17,46,2019,Otros,9578,0.7,0
08,47,2019,Censo,432563,,
08,47,2019,Votantes,340286,78.7,
08,47,2019,Nulos,3732,,
08,47,2019,V&aacute;lidos,336554,,
08,47,2019,Blancos,2801,,
08,47,2019,Partido Socialista Obrero Espa&ntilde;ol (PSOE),97244,28.9,2
08,47,2019,Partido Popular (PP),78433,23.3,1
08,47,2019,Ciudadanos-Partido de la Ciudadan&iacute;a (C's),67775,20.1,1
08,47,2019,Vox (VOX),45965,13.7,1
08,47,2019,Unidas Podemos (PODEMOS-IU-EQUO),39305,11.7,0
08,47,2019,Partido Animalista Contra el Maltrato Animal (PACMA),2699,0.8,0
08,47,2019,Recortes Cero-Grupo Verde,545,0.2,0
08,47,2019,Otros,1787,0.5,0
14,48,2019,Censo,949442,,
14,48,2019,Votantes,691702,72.9,
14,48,2019,Nulos,4742,,
14,48,2019,V&aacute;lidos,686960,,
14,48,2019,Blancos,4557,,
14,48,2019,Euzko Alderdi Jeltzalea-Partido Nacionalista Vasco (EAJ-PNV),235916,34.3,3
14,48,2019,Partido Socialista de Euskadi-Euskadiko Ezkerra (PSE-EE/PSOE),136547,19.9,2
14,48,2019,Elkarrekin Podemos-Unidas Podemos (PODEMOS-IU-EQUO BERDEAK),121740,17.7,2
14,48,2019,Euskal Herria Bildu (EH Bildu),91771,13.4,1
14,48,2019,Partido Popular (PP),49859,7.3,0
14,48,2019,Ciudadanos-Partido de la Ciudadan&iacute;a (C's),21392,3.1,0
14,48,2019,Vox (VOX),15839,2.3,0
14,48,2019,Partido Animalista Contra el Maltrato Animal (PACMA),6187,0.9,0
14,48,2019,Recortes Cero-Grupo Verde,1177,0.2,0
14,48,2019,Otros,1975,0.3,0
08,49,2019,Censo,169200,,
08,49,2019,Votantes,112305,66.4,
08,49,2019,Nulos,1660,,
08,49,2019,V&aacute;lidos,110645,,
08,49,2019,Blancos,1070,,
08,49,2019,Partido Socialista Obrero Espa&ntilde;ol (PSOE),34628,31.3,1
08,49,2019,Partido Popular (PP),32750,29.6,1
08,49,2019,Ciudadanos-Partido de la Ciudadan&iacute;a (C's),18729,16.9,1
08,49,2019,Vox (VOX),12887,11.6,0
08,49,2019,Unidas Podemos (PODEMOS-IU-EQUO),9187,8.3,0
08,49,2019,Partido Animalista Contra el Maltrato Animal (PACMA),585,0.5,0
08,49,2019,Recortes Cero-Grupo Verde,147,0.1,0
08,49,2019,Otros,662,0.6,0
02,50,2019,Censo,738231,,
02,50,2019,Votantes,559859,75.8,
02,50,2019,Nulos,5452,,
02,50,2019,V&aacute;lidos,554407,,
02,50,2019,Blancos,4861,,
02,50,2019,Partido Socialista Obrero Espa&ntilde;ol (PSOE),173557,31.3,3
02,50,2019,Ciudadanos-Partido de la Ciudadan&iacute;a (C's),115651,20.9,1
02,50,2019,Partido Popular (PP),99527,18.0,1
02,50,2019,Unidas Podemos (PODEMOS-IU-EQUO),77555,14.0,1
02,50,2019,Vox (VOX),70663,12.7,1
02,50,2019,Partido Animalista Contra el Maltrato Animal (PACMA),5469,1.0,0
02,50,2019,Recortes Cero-Grupo Verde,1428,0.3,0
02,50,2019,Otros,5696,1.0,0
18,51,2019,Censo,62580,,
18,51,2019,Votantes,38450,61.4,
18,51,2019,Nulos,459,,
18,51,2019,V&aacute;lidos,37991,,
18,51,2019,Blancos,324,,
18,51,2019,Partido Socialista Obrero Espa&ntilde;ol (PSOE),13800,36.3,1
18,51,2019,Vox (VOX),9092,23.9,0
18,51,2019,Partido Popular (PP),8147,21.4,0
18,51,2019,Ciudadanos-Partido de la Ciudadan&iacute;a (C's),4546,12.0,0
18,51,2019,Unidas Podemos (PODEMOS-IU-EQUO),1838,4.8,0
18,51,2019,Recortes Cero-Grupo Verde,157,0.4,0
18,51,2019,Otros,87,0.2,0
19,52,2019,Censo,59233,,
19,52,2019,Votantes,34077,57.5,
19,52,2019,Nulos,319,,
19,52,2019,V&aacute;lidos,33758,,
19,52,2019,Blancos,237,,
19,52,2019,Partido Popular (PP),8087,24.0,1
19,52,2019,Partido Socialista Obrero Espa&ntilde;ol (PSOE),6989,20.7,0
19,52,2019,Vox (VOX),5807,17.2,0
19,52,2019,Ciudadanos-Partido de la Ciudadan&iacute;a (C's),4351,12.9,0
19,52,2019,Unidas Podemos (PODEMOS-IU-EQUO),1292,3.8,0
19,52,2019,Recortes Cero-Grupo Verde,99,0.3,0
19,52,2019,Otros,6896,20.4,0
14,01,2019,Censo,258495,,,B
14,01,2019,Votantes,172199,66.6,,B
14,01,2019,Nulos,1344,,,B
14,01,2019,V&aacute;lidos,170855,,,B
14,01,2019,Blancos,911,,,B
14,01,2019,Euzko Alderdi Jeltzalea-Partido Nacionalista Vasco (EAJ-PNV),40262,23.6,1,B
14,01,2019,Partido Socialista de Euskadi-Euskadiko Ezkerra (PSE-EE/PSOE),37488,21.9,1,B
14,01,2019,Elkarrekin Podemos-Unidas Podemos (PODEMOS-IU),28186,16.5,1,B
14,01,2019,Euskal Herria Bildu (EH Bildu),27453,16.1,1,B
14,01,2019,Partido Popular (PP),25506,14.9,0,B
14,01,2019,Vox (VOX),6421,3.8,0,B
14,01,2019,Ciudadanos-Partido de la Ciudadan&iacute;a (C's),2526,1.5,0,B
14,01,2019,Partido Animalista Contra el Maltrato Animal (PACMA),1152,0.7,0,B
14,01,2019,Recortes Cero-Grupo Verde (RECORTES CERO-GV),409,0.2,0,B
14,01,2019,Otros,541,0.3,0,B
07,02,2019,Censo,309996,,,B
07,02,2019,Votantes,216917,70.0,,B
07,02,2019,Nulos,2613,,,B
07,02,2019,V&aacute;lidos,214304,,,B
07,02,2019,Blancos,1822,,,B
07,02,2019,Partido Socialista Obrero Espa&ntilde;ol (PSOE),69848,32.6,2,B
07,02,2019,Partido Popular (PP),58835,27.5,1,B
07,02,2019,Vox (VOX),44306,20.7,1,B
07,02,2019,Unidas Podemos (PODEMOS-IU),20771,9.7,0,B
07,02,2019,Ciudadanos-Partido de la Ciudadan&iacute;a (C's),15947,7.4,0,B
07,02,2019,Partido Animalista Contra el Maltrato Animal (PACMA),1651,0.8,0,B
07,02,2019,Recortes Cero-Grupo Verde (RECORTES CERO-GV),222,0.1,0,B
07,02,2019,Otros,902,0.4,0,B
17,03,2019,Censo,1276691,,,B
17,03,2019,Votantes,860050,67.4,,B
17,03,2019,Nulos,8334,,,B
17,03,2019,V&aacute;lidos,851716,,,B
17,03,2019,Blancos,6778,,,B
17,03,2019,Partido Socialista Obrero Espa&ntilde;ol (PSOE),240202,28.2,4,B
17,03,2019,Partido Popular (PP),207310,24.3,3,B
17,03,2019,Vox (VOX),167395,19.7,3,B
17,03,2019,Unidas Podemos-Unides Podem (PODEMOS-EUPV),108533,12.7,1,B
17,03,2019,Ciudadanos-Partido de la Ciudadan&iacute;a (C's),69143,8.1,1,B
17,03,2019,M&eacute;s Comprom&iacute;s (M&Eacute;S COMPROM&Iacute;S),35612,4.2,0,B
17,03,2019,Partido Animalista Contra el Maltrato Animal (PACMA),9417,1.1,0,B
17,03,2019,Esquerra Republicana del Pais Valenci&agrave; (ERPV),1683,0.2,0,B
17,03,2019,Recortes Cero-Grupo Verde (RECORTES CERO-GV),891,0.1,0,B
17,03,2019,Otros,4752,0.6,0,B
01,04,2019,Censo,502627,,,B
01,04,2019,Votantes,305414,60.8,,B
01,04,2019,Nulos,2990,,,B
01,04,2019,V&aacute;lidos,302424,,,B
01,04,2019,Blancos,2661,,,B
01,04,2019,Partido Socialista Obrero Espa&ntilde;ol (PSOE),89295,29.5,2,B
01,04,2019,Vox (VOX),80714,26.7,2,B
01,04,2019,Partido Popular (PP),78072,25.8,2,B
01,04,2019,Unidas Podemos (PODEMOS-IU LV CA),24400,8.1,0,B
01,04,2019,Ciudadanos-Partido de la Ciudadan&iacute;a (C's),22835,7.6,0,B
01,04,2019,Partido Animalista Contra el Maltrato Animal (PACMA),2582,0.9,0,B
01,04,2019,Recortes Cero-Grupo Verde (RECORTES CERO-GV),360,0.1,0,B
01,04,2019,Otros,1505,0.5,0,B
08,05,2019,Censo,136717,,,B
08,05,2019,Votantes,94793,69.3,,B
08,05,2019,Nulos,1297,,,B
08,05,2019,V&aacute;lidos,93496,,,B
08,05,2019,Blancos,755,,,B
08,05,2019,Partido Popular (PP),32527,34.8,1,B
08,05,2019,Partido Socialista Obrero Espa&ntilde;ol (PSOE),24474,26.2,1,B
08,05,2019,Vox (VOX),17313,18.5,1,B
08,05,2019,Ciudadanos-Partido de la Ciudadan&iacute;a (C's),6119,6.5,0,B
08,05,2019,Unidas Podemos (PODEMOS-IU),6059,6.5,0,B
08,05,2019,Partido Animalista Contra el Maltrato Animal (PACMA),432,0.5,0,B
08,05,2019,Recortes Cero-Grupo Verde (RECORTES CERO-GV),105,0.1,0,B
08,05,2019,Otros,5712,6.1,0,B
10,06,2019,Censo,554994,,,B
10,06,2019,Votantes,376940,67.9,,B
10,06,2019,Nulos,6781,,,B
10,06,2019,V&aacute;lidos,370159,,,B
10,06,2019,Blancos,3599,,,B
10,06,2019,Partido Socialista Obrero Espa&ntilde;ol (PSOE),142312,38.4,3,B
10,06,2019,Partido Popular (PP),92742,25.1,2,B
10,06,2019,Vox (VOX),64016,17.3,1,B
10,06,2019,Unidas Podemos (PODEMOS-IU),33971,9.2,0,B
10,06,2019,Ciudadanos-Partido de la Ciudadan&iacute;a (C's),29520,8.0,0,B
10,06,2019,Partido Animalista Contra el Maltrato Animal (PACMA),2400,0.6,0,B
10,06,2019,Recortes Cero-Grupo Verde (RECORTES CERO-GV),674,0.2,0,B
10,06,2019,Otros,925,0.2,0,B
04,07,2019,Censo,807170,,,B
04,07,2019,Votantes,458592,56.8,,B
04,07,2019,Nulos,4393,,,B
04,07,2019,V&aacute;lidos,454199,,,B
04,07,2019,Blancos,4668,,,B
04,07,2019,Partido Socialista Obrero Espa&ntilde;ol (PSOE),115567,25.4,2,B
04,07,2019,Partido Popular (PP),103722,22.8,2,B
04,07,2019,Unidas Podemos-Unides Podem (PODEMOS-EUIB),82225,18.1,2,B
04,07,2019,Vox (VOX),77520,17.1,2,B
04,07,2019,Ciudadanos-Partido de la Ciudadan&iacute;a (C's),33451,7.4,0,B
04,07,2019,M&aacute;s Pa&iacute;s (M. PA&Iacute;S),10652,2.3,0,B
04,07,2019,Partido Animalista Contra el Maltrato Animal (PACMA),6207,1.4,0,B
04,07,2019,Recortes Cero-Grupo Verde (RECORTES CERO-GV),947,0.2,0,B
04,07,2019,Otros,19240,4.2,0,B
09,08,2019,Censo,4201151,,,B
09,08,2019,Votantes,2942354,70.0,,B
09,08,2019,Nulos,14599,,,B
09,08,2019,V&aacute;lidos,2927755,,,B
09,08,2019,Blancos,20457,,,B
09,08,2019,Partit dels Socialistes de Catalunya (PSC-PSOE),638319,21.8,8,B
09,08,2019,Esquerra Republicana de Catalunya-Sobiranistes (ERC-SOBIRANISTES),618909,21.1,7,B
09,08,2019,En Com&uacute; Podem (ECP),452482,15.5,5,B
09,08,2019,Junts per Catalunya (JxCAT-JUNTS),343931,11.7,4,B
09,08,2019,Partit Popular / Partido Popular (PP),225645,7.7,2,B
09,08,2019,Vox (VOX),184715,6.3,2,B
09,08,2019,Candidatura d'Unitat Popular-Per la Ruptura (CUP-PR),179041,6.1,2,B
09,08,2019,Ciutadans-Partido de la Ciudadan&iacute;a (C's),174124,5.9,2,B
09,08,2019,M&aacute;s Pa&iacute;s (M&Aacute;S PA&Iacute;S),41826,1.4,0,B
09,08,2019,Partido Animalista Contra el Maltrato Animal (PACMA),34752,1.2,0,B
09,08,2019,Recortes Cero-Grupo Verde (RECORTES CERO-GV),4698,0.2,0,B
09,08,2019,Otros,8856,0.3,0,B
08,09,2019,Censo,298989,,,B
08,09,2019,Votantes,201664,67.4,,B
08,09,2019,Nulos,2693,,,B
08,09,2019,V&aacute;lidos,198971,,,B
08,09,2019,Blancos,2626,,,B
08,09,2019,Partido Socialista Obrero Espa&ntilde;ol (PSOE),64182,32.3,2,B
08,09,2019,Partido Popular (PP),61228,30.8,2,B
08,09,2019,Vox (VOX),29579,14.9,0,B
08,09,2019,Unidas Podemos (PODEMOS-IU),22058,11.1,0,B
08,09,2019,Ciudadanos-Partido de la Ciudadan&iacute;a (C's),16214,8.1,0,B
08,09,2019,Partido Animalista Contra el Maltrato Animal (PACMA),1415,0.7,0,B
08,09,2019,Recortes Cero-Grupo Verde (RECORTES CERO-GV),645,0.3,0,B
08,09,2019,Otros,1024,0.5,0,B
10,10,2019,Censo,344445,,,B
10,10,2019,Votantes,227621,66.1,,B
10,10,2019,Nulos,4364,,,B
10,10,2019,V&aacute;lidos,223257,,,B
10,10,2019,Blancos,1894,,,B
10,10,2019,Partido Socialista Obrero Espa&ntilde;ol (PSOE),85135,38.1,2,B
10,10,2019,Partido Popular (PP),61527,27.6,1,B
10,10,2019,Vox (VOX),35807,16.0,1,B
10,10,2019,Unidas Podemos (PODEMOS-IU),20101,9.0,0,B
10,10,2019,Ciudadanos-Partido de la Ciudadan&iacute;a (C's),15533,7.0,0,B
10,10,2019,Partido Animalista Contra el Maltrato Animal (PACMA),1276,0.6,0,B
10,10,2019,Recortes Cero-Grupo Verde (RECORTES CERO-GV),342,0.2,0,B
10,10,2019,Otros,1642,0.7,0,B
01,11,2019,Censo,1002295,,,B
01,11,2019,Votantes,624195,62.3,,B
01,11,2019,Nulos,8116,,,B
01,11,2019,V&aacute;lidos,616079,,,B
01,11,2019,Blancos,9221,,,B
01,11,2019,Partido Socialista Obrero Espa&ntilde;ol (PSOE),188271,30.6,3,B
01,11,2019,Vox (VOX),131205,21.3,2,B
01,11,2019,Partido Popular (PP),111089,18.0,2,B
01,11,2019,Unidas Podemos (PODEMOS-IU LV CA),93541,15.2,1,B
01,11,2019,Ciudadanos-Partido de la Ciudadan&iacute;a (C's),55490,9.0,1,B
01,11,2019,M&aacute;s Pa&iacute;s-Andaluc&iacute;a (M&Aacute;S PA&Iacute;S-ANDALUC&Iacute;A),11316,1.8,0,B
01,11,2019,Partido Animalista Contra el Maltrato Animal (PACMA),8437,1.4,0,B
01,11,2019,Recortes Cero-Grupo Verde (RECORTES CERO-GV),915,0.1,0,B
01,11,2019,Otros,6594,1.1,0,B
17,12,2019,Censo,420741,,,B
17,12,2019,Votantes,297492,70.7,,B
17,12,2019,Nulos,3023,,,B
17,12,2019,V&aacute;lidos,294469,,,B
17,12,2019,Blancos,2238,,,B
17,12,2019,Partido Socialista Obrero Espa&ntilde;ol (PSOE),84078,28.6,2,B
17,12,2019,Partido Popular (PP),70176,23.8,1,B
17,12,2019,Vox (VOX),54849,18.6,1,B
17,12,2019,Unidas Podemos-Unides Podem (PODEMOS-EUPV),39251,13.3,1,B
17,12,2019,Ciudadanos-Partido de la Ciudadan&iacute;a (C's),20302,6.9,0,B
17,12,2019,M&eacute;s Comprom&iacute;s (M&Eacute;S COMPROM&Iacute;S),18140,6.2,0,B
17,12,2019,Partido Animalista Contra el Maltrato Animal (PACMA),2483,0.8,0,B
17,12,2019,Esquerra Republicana del Pais Valenci&agrave; (ERPV),1106,0.4,0,B
17,12,2019,Recortes Cero-Grupo Verde (RECORTES CERO-GV),257,0.1,0,B
17,12,2019,Otros,1589,0.5,0,B
07,13,2019,Censo,395785,,,B
07,13,2019,Votantes,272470,68.8,,B
07,13,2019,Nulos,3876,,,B
07,13,2019,V&aacute;lidos,268594,,,B
07,13,2019,Blancos,2357,,,B
07,13,2019,Partido Socialista Obrero Espa&ntilde;ol (PSOE),92046,34.3,2,B
07,13,2019,Partido Popular (PP),74835,27.9,2,B
07,13,2019,Vox (VOX),56050,20.9,1,B
07,13,2019,Unidas Podemos (PODEMOS-IU),22250,8.3,0,B
07,13,2019,Ciudadanos-Partido de la Ciudadan&iacute;a (C's),18337,6.8,0,B
07,13,2019,Partido Animalista Contra el Maltrato Animal (PACMA),1788,0.7,0,B
07,13,2019,Recortes Cero-Grupo Verde (RECORTES CERO-GV),447,0.2,0,B
07,13,2019,Otros,484,0.2,0,B
01,14,2019,Censo,648341,,,B
01,14,2019,Votantes,451775,69.7,,B
01,14,2019,Nulos,7399,,,B
01,14,2019,V&aacute;lidos,444376,,,B
01,14,2019,Blancos,5405,,,B
01,14,2019,Partido Socialista Obrero Espa&ntilde;ol (PSOE),146761,33.0,2,B
01,14,2019,Partido Popular (PP),99999,22.5,2,B
01,14,2019,Vox (VOX),82534,18.6,1,B
01,14,2019,Unidas Podemos (PODEMOS-IU LV CA),64769,14.6,1,B
01,14,2019,Ciudadanos-Partido de la Ciudadan&iacute;a (C's),36229,8.2,0,B
01,14,2019,Partido Animalista Contra el Maltrato Animal (PACMA),3946,0.9,0,B
01,14,2019,Recortes Cero-Grupo Verde (RECORTES CERO-GV),549,0.1,0,B
01,14,2019,Otros,4184,0.9,0,B
11,15,2019,Censo,1087839,,,B
11,15,2019,Votantes,620550,57.0,,B
11,15,2019,Nulos,7056,,,B
11,15,2019,V&aacute;lidos,613494,,,B
11,15,2019,Blancos,7307,,,B
11,15,2019,Partido Popular (PP),187127,30.5,3,B
11,15,2019,Partido dos Socialistas de Galicia-PSOE (PSdeG-PSOE),184178,30.0,3,B
11,15,2019,En Com&uacute;n-Unidas Podemos (PODEMOS-EU),77069,12.6,1,B
11,15,2019,Bloque Nacionalista Galego (BNG),58135,9.5,1,B
11,15,2019,Vox (VOX),50325,8.2,0,B
11,15,2019,Ciudadanos-Partido de la Ciudadan&iacute;a (C's),28469,4.6,0,B
11,15,2019,M&aacute;s Pa&iacute;s-Equo (M&Aacute;S PA&Iacute;S-EQUO),12619,2.1,0,B
11,15,2019,Partido Animalista Contra el Maltrato Animal (PACMA),4572,0.7,0,B
11,15,2019,Recortes Cero-Grupo Verde (RECORTES CERO-GV),925,0.2,0,B
11,15,2019,Otros,2768,0.5,0,B
07,16,2019,Censo,154441,,,B
07,16,2019,Votantes,110537,71.6,,B
07,16,2019,Nulos,1418,,,B
07,16,2019,V&aacute;lidos,109119,,,B
07,16,2019,Blancos,1002,,,B
07,16,2019,Partido Socialista Obrero Espa&ntilde;ol (PSOE),40670,37.3,2,B
07,16,2019,Partido Popular (PP),33721,30.9,1,B
07,16,2019,Vox (VOX),20108,18.4,0,B
07,16,2019,Unidas Podemos (PODEMOS-IU),7529,6.9,0,B
07,16,2019,Ciudadanos-Partido de la Ciudadan&iacute;a (C's),5094,4.7,0,B
07,16,2019,Partido Animalista Contra el Maltrato Animal (PACMA),545,0.5,0,B
07,16,2019,Recortes Cero-Grupo Verde (RECORTES CERO-GV),125,0.1,0,B
07,16,2019,Otros,325,0.3,0,B
09,17,2019,Censo,524978,,,B
09,17,2019,Votantes,357801,68.2,,B
09,17,2019,Nulos,2099,,,B
09,17,2019,V&aacute;lidos,355702,,,B
09,17,2019,Blancos,2307,,,B
09,17,2019,Esquerra Republicana de Catalunya-Sobiranistes (ERC-SOBIRANISTES),91932,25.8,2,B
09,17,2019,Junts per Catalunya (JxCAT-JUNTS),88060,24.8,2,B
09,17,2019,Partit dels Socialistes de Catalunya (PSC-PSOE),52723,14.8,1,B
09,17,2019,En Com&uacute; Podem (ECP),33710,9.5,1,B
09,17,2019,Candidatura d'Unitat Popular-Per la Ruptura (CUP-PR),31703,8.9,0,B
09,17,2019,Vox (VOX),18489,5.2,0,B
09,17,2019,Partit Popular / Partido Popular (PP),17449,4.9,0,B
09,17,2019,Ciutadans-Partido de la Ciudadan&iacute;a (C's),13869,3.9,0,B
09,17,2019,Partido Animalista Contra el Maltrato Animal (PACMA),3724,1.0,0,B
09,17,2019,Recortes Cero-Grupo Verde (RECORTES CERO-GV),508,0.1,0,B
09,17,2019,Otros,1228,0.3,0,B
01,18,2019,Censo,755007,,,B
01,18,2019,Votantes,490902,65.0,,B
01,18,2019,Nulos,8123,,,B
01,18,2019,V&aacute;lidos,482779,,,B
01,18,2019,Blancos,4528,,,B
01,18,2019,Partido Socialista Obrero Espa&ntilde;ol (PSOE),160190,33.2,3,B
01,18,2019,Partido Popular (PP),105192,21.8,2,B
01,18,2019,Vox (VOX),99928,20.7,1,B
01,18,2019,Unidas Podemos (PODEMOS-IU LV CA),59331,12.3,1,B
01,18,2019,Ciudadanos-Partido de la Ciudadan&iacute;a (C's),37772,7.8,0,B
01,18,2019,M&aacute;s Pa&iacute;s-Andaluc&iacute;a (M&Aacute;S PA&Iacute;S-ANDALUC&Iacute;A),8629,1.8,0,B
01,18,2019,Partido Animalista Contra el Maltrato Animal (PACMA),4095,0.8,0,B
01,18,2019,Recortes Cero-Grupo Verde (RECORTES CERO-GV),545,0.1,0,B
01,18,2019,Otros,2569,0.5,0,B
07,19,2019,Censo,187371,,,B
07,19,2019,Votantes,133796,71.4,,B
07,19,2019,Nulos,1642,,,B
07,19,2019,V&aacute;lidos,132154,,,B
07,19,2019,Blancos,1148,,,B
07,19,2019,Partido Socialista Obrero Espa&ntilde;ol (PSOE),41167,31.2,1,B
07,19,2019,Vox (VOX),31683,24.0,1,B
07,19,2019,Partido Popular (PP),30443,23.0,1,B
07,19,2019,Unidas Podemos (PODEMOS-IU),14897,11.3,0,B
07,19,2019,Ciudadanos-Partido de la Ciudadan&iacute;a (C's),10169,7.7,0,B
07,19,2019,Partido Animalista Contra el Maltrato Animal (PACMA),1266,1.0,0,B
07,19,2019,Recortes Cero-Grupo Verde (RECORTES CERO-GV),287,0.2,0,B
07,19,2019,Otros,1094,0.8,0,B
14,20,2019,Censo,584461,,,B
14,20,2019,Votantes,384546,65.8,,B
14,20,2019,Nulos,1678,,,B
14,20,2019,V&aacute;lidos,382868,,,B
14,20,2019,Blancos,1907,,,B
14,20,2019,Euzko Alderdi Jeltzalea-Partido Nacionalista Vasco (EAJ-PNV),116761,30.5,2,B
14,20,2019,Euskal Herria Bildu (EH Bildu),98951,25.8,2,B
14,20,2019,Partido Socialista de Euskadi-Euskadiko Ezkerra (PSE-EE/PSOE),69342,18.1,1,B
14,20,2019,Elkarrekin Podemos-Unidas Podemos (PODEMOS-IU),57363,15.0,1,B
14,20,2019,Partido Popular (PP),23619,6.2,0,B
14,20,2019,Vox (VOX),7274,1.9,0,B
14,20,2019,Ciudadanos-Partido de la Ciudadan&iacute;a (C's),3824,1.0,0,B
14,20,2019,Partido Animalista Contra el Maltrato Animal (PACMA),2070,0.5,0,B
14,20,2019,Recortes Cero-Grupo Verde (RECORTES CERO-GV),510,0.1,0,B
14,20,2019,Otros,1247,0.3,0,B
01,21,2019,Censo,399019,,,B
01,21,2019,Votantes,255329,64.0,,B
01,21,2019,Nulos,4648,,,B
01,21,2019,V&aacute;lidos,250681,,,B
01,21,2019,Blancos,3345,,,B
01,21,2019,Partido Socialista Obrero Espa&ntilde;ol (PSOE),91656,36.6,3,B
01,21,2019,Vox (VOX),52485,20.9,1,B
01,21,2019,Partido Popular (PP),49452,19.7,1,B
01,21,2019,Unidas Podemos (PODEMOS-IU LV CA),30389,12.1,0,B
01,21,2019,Ciudadanos-Partido de la Ciudadan&iacute;a (C's),18382,7.3,0,B
01,21,2019,Partido Animalista Contra el Maltrato Animal (PACMA),2535,1.0,0,B
01,21,2019,Recortes Cero-Grupo Verde (RECORTES CERO-GV),495,0.2,0,B
01,21,2019,Otros,1942,0.8,0,B
02,22,2019,Censo,172722,,,B
02,22,2019,Votantes,114791,66.5,,B
02,22,2019,Nulos,1194,,,B
02,22,2019,V&aacute;lidos,113597,,,B
02,22,2019,Blancos,1363,,,B
02,22,2019,Partido Socialista Obrero Espa&ntilde;ol (PSOE),38101,33.5,2,B
02,22,2019,Partido Popular (PP),29804,26.2,1,B
02,22,2019,Vox (VOX),17237,15.2,0,B
02,22,2019,Unidas Podemos (PODEMOS-IU),14035,12.4,0,B
02,22,2019,Ciudadanos-Partido de la Ciudadan&iacute;a (C's),9244,8.1,0,B
02,22,2019,Partido Animalista Contra el Maltrato Animal (PACMA),735,0.6,0,B
02,22,2019,Recortes Cero-Grupo Verde (RECORTES CERO-GV),198,0.2,0,B
02,22,2019,Otros,2880,2.5,0,B
01,23,2019,Censo,526659,,,B
01,23,2019,Votantes,371043,70.5,,B
01,23,2019,Nulos,5937,,,B
01,23,2019,V&aacute;lidos,365106,,,B
01,23,2019,Blancos,3361,,,B
01,23,2019,Partido Socialista Obrero Espa&ntilde;ol (PSOE),141737,38.8,3,B
01,23,2019,Partido Popular (PP),82055,22.5,1,B
01,23,2019,Vox (VOX),71950,19.7,1,B
01,23,2019,Unidas Podemos (PODEMOS-IU LV CA),35962,9.8,0,B
01,23,2019,Ciudadanos-Partido de la Ciudadan&iacute;a (C's),24816,6.8,0,B
01,23,2019,Partido Animalista Contra el Maltrato Animal (PACMA),2766,0.8,0,B
01,23,2019,Recortes Cero-Grupo Verde (RECORTES CERO-GV),464,0.1,0,B
01,23,2019,Otros,1995,0.5,0,B
08,24,2019,Censo,432073,,,B
08,24,2019,Votantes,265711,61.5,,B
08,24,2019,Nulos,3032,,,B
08,24,2019,V&aacute;lidos,262679,,,B
08,24,2019,Blancos,2710,,,B
08,24,2019,Partido Socialista Obrero Espa&ntilde;ol (PSOE),87896,33.5,2,B
08,24,2019,Partido Popular (PP),74672,28.4,1,B
08,24,2019,Vox (VOX),40884,15.6,1,B
08,24,2019,Unidas Podemos (PODEMOS-IU),27478,10.5,0,B
08,24,2019,Ciudadanos-Partido de la Ciudadan&iacute;a (C's),16731,6.4,0,B
08,24,2019,Partido Animalista Contra el Maltrato Animal (PACMA),1505,0.6,0,B
08,24,2019,Recortes Cero-Grupo Verde (RECORTES CERO-GV),178,0.1,0,B
08,24,2019,Otros,10625,4.0,0,B
09,25,2019,Censo,314425,,,B
09,25,2019,Votantes,208731,66.4,,B
09,25,2019,Nulos,1375,,,B
09,25,2019,V&aacute;lidos,207356,,,B
09,25,2019,Blancos,1540,,,B
09,25,2019,Esquerra Republicana de Catalunya-Sobiranistes (ERC-SOBIRANISTES),65236,31.5,2,B
09,25,2019,Junts per Catalunya (JxCAT-JUNTS),46773,22.6,1,B
09,25,2019,Partit dels Socialistes de Catalunya (PSC-PSOE),29983,14.5,1,B
09,25,2019,En Com&uacute; Podem (ECP),16337,7.9,0,B
09,25,2019,Partit Popular / Partido Popular (PP),14697,7.1,0,B
09,25,2019,Candidatura d'Unitat Popular-Per la Ruptura (CUP-PR),14098,6.8,0,B
09,25,2019,Vox (VOX),9312,4.5,0,B
09,25,2019,Ciutadans-Partido de la Ciudadan&iacute;a (C's),7128,3.4,0,B
09,25,2019,Partido Animalista Contra el Maltrato Animal (PACMA),1521,0.7,0,B
09,25,2019,Recortes Cero-Grupo Verde (RECORTES CERO-GV),183,0.1,0,B
09,25,2019,Otros,548,0.3,0,B
16,26,2019,Censo,250213,,,B
16,26,2019,Votantes,167549,67.0,,B
16,26,2019,Nulos,2615,,,B
16,26,2019,V&aacute;lidos,164934,,,B
16,26,2019,Blancos,1757,,,B
16,26,2019,Partido Socialista Obrero Espa&ntilde;ol (PSOE),57485,34.9,2,B
16,26,2019,Partido Popular (PP),56450,34.2,2,B
16,26,2019,Vox (VOX),18908,11.5,0,B
16,26,2019,Unidas Podemos (PODEMOS-IU),16273,9.9,0,B
16,26,2019,Ciudadanos-Partido de la Ciudadan&iacute;a (C's),11673,7.1,0,B
16,26,2019,Partido Animalista Contra el Maltrato Animal (PACMA),1096,0.7,0,B
16,26,2019,Recortes Cero-Grupo Verde (RECORTES CERO-GV),307,0.2,0,B
16,26,2019,Otros,985,0.6,0,B
11,27,2019,Censo,344446,,,B
11,27,2019,Votantes,183141,53.2,,B
11,27,2019,Nulos,2996,,,B
11,27,2019,V&aacute;lidos,180145,,,B
11,27,2019,Blancos,2094,,,B
11,27,2019,Partido Popular (PP),68530,38.0,2,B
11,27,2019,Partido dos Socialistas de Galicia-PSOE (PSdeG-PSOE),57537,31.9,2,B
11,27,2019,En Com&uacute;n-Unidas Podemos (PODEMOS-EU),16548,9.2,0,B
11,27,2019,Vox (VOX),14652,8.1,0,B
11,27,2019,Bloque Nacionalista Galego (BNG),12940,7.2,0,B
11,27,2019,Ciudadanos-Partido de la Ciudadan&iacute;a (C's),5811,3.2,0,B
11,27,2019,Partido Animalista Contra el Maltrato Animal (PACMA),1190,0.7,0,B
11,27,2019,Recortes Cero-Grupo Verde (RECORTES CERO-GV),237,0.1,0,B
11,27,2019,Otros,606,0.3,0,B
12,28,2019,Censo,5088093,,,B
12,28,2019,Votantes,3591464,70.6,,B
12,28,2019,Nulos,28317,,,B
12,28,2019,V&aacute;lidos,3563147,,,B
12,28,2019,Blancos,28783,,,B
12,28,2019,Partido Socialista Obrero Espa&ntilde;ol (PSOE),957401,26.9,10,B
12,28,2019,Partido Popular (PP),887474,24.9,10,B
12,28,2019,Vox (VOX),653476,18.3,7,B
12,28,2019,Unidas Podemos (PODEMOS-IU),463629,13.0,5,B
12,28,2019,Ciudadanos-Partido de la Ciudadan&iacute;a (C's),323076,9.1,3,B
12,28,2019,M&aacute;s Pa&iacute;s-Equo (M&Aacute;S PA&Iacute;S-EQUO),201389,5.7,2,B
12,28,2019,Partido Animalista Contra el Maltrato Animal (PACMA),31983,0.9,0,B
12,28,2019,Recortes Cero-Grupo Verde (RECORTES CERO-GV),5129,0.1,0,B
12,28,2019,Otros,10807,0.3,0,B
01,29,2019,Censo,1197688,,,B
01,29,2019,Votantes,766819,64.0,,B
01,29,2019,Nulos,10098,,,B
01,29,2019,V&aacute;lidos,756721,,,B
01,29,2019,Blancos,8358,,,B
01,29,2019,Partido Socialista Obrero Espa&ntilde;ol (PSOE),226831,30.0,4,B
01,29,2019,Partido Popular (PP),163177,21.6,3,B
01,29,2019,Vox (VOX),162280,21.4,2,B
01,29,2019,Unidas Podemos (PODEMOS-IU LV CA),97801,12.9,1,B
01,29,2019,Ciudadanos-Partido de la Ciudadan&iacute;a (C's),66995,8.9,1,B
01,29,2019,M&aacute;s Pa&iacute;s-Andaluc&iacute;a (M&Aacute;S PA&Iacute;S-ANDALUC&Iacute;A),14112,1.9,0,B
01,29,2019,Partido Animalista Contra el Maltrato Animal (PACMA),11089,1.5,0,B
01,29,2019,Recortes Cero-Grupo Verde (RECORTES CERO-GV),1261,0.2,0,B
01,29,2019,Otros,4817,0.6,0,B
15,30,2019,Censo,1061841,,,B
15,30,2019,Votantes,722345,68.0,,B
15,30,2019,Nulos,7418,,,B
15,30,2019,V&aacute;lidos,714927,,,B
15,30,2019,Blancos,5253,,,B
15,30,2019,Vox (VOX),199829,28.0,3,B
15,30,2019,Partido Popular (PP),189500,26.5,3,B
15,30,2019,Partido Socialista Obrero Espa&ntilde;ol (PSOE),177154,24.8,3,B
15,30,2019,Unidas Podemos (PODEMOS-IU),63461,8.9,1,B
15,30,2019,Ciudadanos-Partido de la Ciudadan&iacute;a (C's),53201,7.4,0,B
15,30,2019,M&aacute;s Pa&iacute;s-Equo (M&Aacute;S PA&Iacute;S-EQUO),13439,1.9,0,B
15,30,2019,Partido Animalista Contra el Maltrato Animal (PACMA),7005,1.0,0,B
15,30,2019,Recortes Cero-Grupo Verde (RECORTES CERO-GV),881,0.1,0,B
15,30,2019,Otros,5204,0.7,0,B
13,31,2019,Censo,512826,,,B
13,31,2019,Votantes,337996,65.9,,B
13,31,2019,Nulos,3014,,,B
13,31,2019,V&aacute;lidos,334982,,,B
13,31,2019,Blancos,3451,,,B
13,31,2019,Navarra Suma (NA+),99078,29.6,2,B
13,31,2019,Partido Socialista Obrero Espa&ntilde;ol (PSOE),83734,25.0,1,B
13,31,2019,Euskal Herria Bildu (EH Bildu),56548,16.9,1,B
13,31,2019,Unidas Podemos (PODEMOS-IU-BATZARRE),55498,16.6,1,B
13,31,2019,Vox (VOX),19440,5.8,0,B
13,31,2019,Partido Animalista Contra el Maltrato Animal (PACMA),2250,0.7,0,B
13,31,2019,Recortes Cero-Grupo Verde (RECORTES CERO-GV),965,0.3,0,B
13,31,2019,Otros,14018,4.2,0,B
11,32,2019,Censo,360302,,,B
11,32,2019,Votantes,173598,48.2,,B
11,32,2019,Nulos,2127,,,B
11,32,2019,V&aacute;lidos,171471,,,B
11,32,2019,Blancos,1666,,,B
11,32,2019,Partido Popular (PP),67580,39.4,2,B
11,32,2019,Partido dos Socialistas de Galicia-PSOE (PSdeG-PSOE),56934,33.2,2,B
11,32,2019,En Com&uacute;n-Unidas Podemos (PODEMOS-EU),13573,7.9,0,B
11,32,2019,Vox (VOX),13285,7.7,0,B
11,32,2019,Bloque Nacionalista Galego (BNG),10256,6.0,0,B
11,32,2019,Ciudadanos-Partido de la Ciudadan&iacute;a (C's),6397,3.7,0,B
11,32,2019,Partido Animalista Contra el Maltrato Animal (PACMA),1094,0.6,0,B
11,32,2019,Recortes Cero-Grupo Verde (RECORTES CERO-GV),221,0.1,0,B
11,32,2019,Otros,465,0.3,0,B
03,33,2019,Censo,972580,,,B
03,33,2019,Votantes,565231,58.1,,B
03,33,2019,Nulos,5486,,,B
03,33,2019,V&aacute;lidos,559745,,,B
03,33,2019,Blancos,7041,,,B
03,33,2019,Partido Socialista Obrero Espa&ntilde;ol (PSOE),186211,33.3,3,B
03,33,2019,Partido Popular-Foro Asturias (PP-FORO),129945,23.2,2,B
03,33,2019,Unidas Podemos-Xun&iacute;es Podemos (PODEMOS-IX),89301,16.0,1,B
03,33,2019,Vox (VOX),88788,15.9,1,B
03,33,2019,Ciudadanos-Partido de la Ciudadan&iacute;a (C's),37374,6.7,0,B
03,33,2019,M&aacute;s Pa&iacute;s-Equo (M&Aacute;S PA&Iacute;S-EQUO),12732,2.3,0,B
03,33,2019,Partido Animalista Contra el Maltrato Animal (PACMA),4412,0.8,0,B
03,33,2019,Recortes Cero-Grupo Verde (RECORTES CERO-GV),732,0.1,0,B
03,33,2019,Otros,3209,0.6,0,B
08,34,2019,Censo,141321,,,B
08,34,2019,Votantes,97038,68.7,,B
08,34,2019,Nulos,1250,,,B
08,34,2019,V&aacute;lidos,95788,,,B
08,34,2019,Blancos,1015,,,B
08,34,2019,Partido Popular (PP),34195,35.7,2,B
08,34,2019,Partido Socialista Obrero Espa&ntilde;ol (PSOE),31847,33.2,1,B
08,34,2019,Vox (VOX),13816,14.4,0,B
08,34,2019,Unidas Podemos (PODEMOS-IU),7746,8.1,0,B
08,34,2019,Ciudadanos-Partido de la Ciudadan&iacute;a (C's),5937,6.2,0,B
08,34,2019,Partido Animalista Contra el Maltrato Animal (PACMA),582,0.6,0,B
08,34,2019,Recortes Cero-Grupo Verde (RECORTES CERO-GV),256,0.3,0,B
08,34,2019,Otros,394,0.4,0,B
05,35,2019,Censo,871728,,,B
05,35,2019,Votantes,489354,56.1,,B
05,35,2019,Nulos,5426,,,B
05,35,2019,V&aacute;lidos,483928,,,B
05,35,2019,Blancos,3975,,,B
05,35,2019,Partido Socialista Obrero Espa&ntilde;ol (PSOE),141078,29.2,3,B
05,35,2019,Partido Popular (PP),103375,21.4,2,B
05,35,2019,Unidas Podemos (PODEMOS-IU),74648,15.4,1,B
05,35,2019,Vox (VOX),64515,13.3,1,B
05,35,2019,Coalici&oacute;n Canaria-Nueva Canarias (CCa-PNC-NC),48028,9.9,1,B
05,35,2019,Ciudadanos-Partido de la Ciudadan&iacute;a (C's),28018,5.8,0,B
05,35,2019,M&aacute;s Pa&iacute;s-Equo (M&Aacute;S PA&Iacute;S-EQUO),8389,1.7,0,B
05,35,2019,Partido Animalista Contra el Maltrato Animal (PACMA),5796,1.2,0,B
05,35,2019,Recortes Cero-Grupo Verde (RECORTES CERO-GV),505,0.1,0,B
05,35,2019,Otros,5601,1.2,0,B
11,36,2019,Censo,906111,,,B
11,36,2019,Votantes,530077,58.5,,B
11,36,2019,Nulos,7080,,,B
11,36,2019,V&aacute;lidos,522997,,,B
11,36,2019,Blancos,5142,,,B
11,36,2019,Partido dos Socialistas de Galicia-PSOE (PSdeG-PSOE),166377,31.8,3,B
11,36,2019,Partido Popular (PP),151961,29.1,3,B
11,36,2019,En Com&uacute;n-Unidas Podemos (PODEMOS-EU),81041,15.5,1,B
11,36,2019,Bloque Nacionalista Galego (BNG),39125,7.5,0,B
11,36,2019,Vox (VOX),38119,7.3,0,B
11,36,2019,Ciudadanos-Partido de la Ciudadan&iacute;a (C's),23984,4.6,0,B
11,36,2019,M&aacute;s Pa&iacute;s-Equo (M&Aacute;S PA&Iacute;S-EQUO),10207,2.0,0,B
11,36,2019,Partido Animalista Contra el Maltrato Animal (PACMA),4619,0.9,0,B
11,36,2019,Recortes Cero-Grupo Verde (RECORTES CERO-GV),790,0.2,0,B
11,36,2019,Otros,1632,0.3,0,B
08,37,2019,Censo,305536,,,B
08,37,2019,Votantes,197673,64.7,,B
08,37,2019,Nulos,2503,,,B
08,37,2019,V&aacute;lidos,195170,,,B
08,37,2019,Blancos,1982,,,B
08,37,2019,Partido Popular (PP),67715,34.7,2,B
08,37,2019,Partido Socialista Obrero Espa&ntilde;ol (PSOE),57481,29.5,1,B
08,37,2019,Vox (VOX),34929,17.9,1,B
08,37,2019,Ciudadanos-Partido de la Ciudadan&iacute;a (C's),16886,8.7,0,B
08,37,2019,Unidas Podemos (PODEMOS-IU),13608,7.0,0,B
08,37,2019,Partido Animalista Contra el Maltrato Animal (PACMA),964,0.5,0,B
08,37,2019,Recortes Cero-Grupo Verde (RECORTES CERO-GV),306,0.2,0,B
08,37,2019,Otros,1299,0.7,0,B
05,38,2019,Censo,855138,,,B
05,38,2019,Votantes,468022,54.7,,B
05,38,2019,Nulos,4443,,,B
05,38,2019,V&aacute;lidos,463579,,,B
05,38,2019,Blancos,3380,,,B
05,38,2019,Partido Socialista Obrero Espa&ntilde;ol (PSOE),132518,28.6,2,B
05,38,2019,Partido Popular (PP),93434,20.2,2,B
05,38,2019,Coalici&oacute;n Canaria-Nueva Canarias (CCa-PNC-NC),76261,16.5,1,B
05,38,2019,Unidas Podemos (PODEMOS-IU),64613,13.9,1,B
05,38,2019,Vox (VOX),53491,11.5,1,B
05,38,2019,Ciudadanos-Partido de la Ciudadan&iacute;a (C's),22979,5.0,0,B
05,38,2019,M&aacute;s Pa&iacute;s-Equo (M&Aacute;S PA&Iacute;S-EQUO),6583,1.4,0,B
05,38,2019,Partido Animalista Contra el Maltrato Animal (PACMA),6150,1.3,0,B
05,38,2019,Recortes Cero-Grupo Verde (RECORTES CERO-GV),489,0.1,0,B
05,38,2019,Otros,3681,0.8,0,B
06,39,2019,Censo,501676,,,B
06,39,2019,Votantes,329821,65.7,,B
06,39,2019,Nulos,2732,,,B
06,39,2019,V&aacute;lidos,327089,,,B
06,39,2019,Blancos,1667,,,B
06,39,2019,Partido Popular (PP),84583,25.9,2,B
06,39,2019,Partido Socialista Obrero Espa&ntilde;ol (PSOE),76028,23.2,1,B
06,39,2019,Partido Regionalista de Cantabria (PRC),68830,21.0,1,B
06,39,2019,Vox (VOX),48827,14.9,1,B
06,39,2019,Unidas Podemos (PODEMOS-IU),28376,8.7,0,B
06,39,2019,Ciudadanos-Partido de la Ciudadan&iacute;a (C's),15609,4.8,0,B
06,39,2019,Partido Animalista Contra el Maltrato Animal (PACMA),1856,0.6,0,B
06,39,2019,Recortes Cero-Grupo Verde (RECORTES CERO-GV),232,0.1,0,B
06,39,2019,Otros,1081,0.3,0,B
08,40,2019,Censo,119492,,,B
08,40,2019,Votantes,86451,72.3,,B
08,40,2019,Nulos,1412,,,B
08,40,2019,V&aacute;lidos,85039,,,B
08,40,2019,Blancos,1005,,,B
08,40,2019,Partido Popular (PP),28057,33.0,1,B
08,40,2019,Partido Socialista Obrero Espa&ntilde;ol (PSOE),25233,29.7,1,B
08,40,2019,Vox (VOX),14569,17.1,1,B
08,40,2019,Unidas Podemos (PODEMOS-IU),7901,9.3,0,B
08,40,2019,Ciudadanos-Partido de la Ciudadan&iacute;a (C's),6861,8.1,0,B
08,40,2019,Partido Animalista Contra el Maltrato Animal (PACMA),462,0.5,0,B
08,40,2019,Recortes Cero-Grupo Verde (RECORTES CERO-GV),191,0.2,0,B
08,40,2019,Otros,760,0.9,0,B
01,41,2019,Censo,1547744,,,B
01,41,2019,Votantes,1071247,69.2,,B
01,41,2019,Nulos,17729,,,B
01,41,2019,V&aacute;lidos,1053518,,,B
01,41,2019,Blancos,13793,,,B
01,41,2019,Partido Socialista Obrero Espa&ntilde;ol (PSOE),380385,36.1,5,B
01,41,2019,Vox (VOX),188813,17.9,2,B
01,41,2019,Partido Popular (PP),188166,17.9,2,B
01,41,2019,Unidas Podemos (PODEMOS-IU LV CA),153435,14.6,2,B
01,41,2019,Ciudadanos-Partido de la Ciudadan&iacute;a (C's),83575,7.9,1,B
01,41,2019,M&aacute;s Pa&iacute;s-Andaluc&iacute;a (M&Aacute;S PA&Iacute;S-ANDALUC&Iacute;A),22388,2.1,0,B
01,41,2019,Partido Animalista Contra el Maltrato Animal (PACMA),12035,1.1,0,B
01,41,2019,Recortes Cero-Grupo Verde (RECORTES CERO-GV),1456,0.1,0,B
01,41,2019,Otros,9472,0.9,0,B
08,42,2019,Censo,76827,,,B
08,42,2019,Votantes,47248,61.5,,B
08,42,2019,Nulos,838,,,B
08,42,2019,V&aacute;lidos,46410,,,B
08,42,2019,Blancos,721,,,B
08,42,2019,Partido Socialista Obrero Espa&ntilde;ol (PSOE),16043,34.6,1,B
08,42,2019,Partido Popular (PP),15247,32.9,1,B
08,42,2019,Vox (VOX),6264,13.5,0,B
08,42,2019,Unidas Podemos (PODEMOS-IU),3517,7.6,0,B
08,42,2019,Ciudadanos-Partido de la Ciudadan&iacute;a (C's),2670,5.8,0,B
08,42,2019,Partido Animalista Contra el Maltrato Animal (PACMA),205,0.4,0,B
08,42,2019,Recortes Cero-Grupo Verde (RECORTES CERO-GV),95,0.2,0,B
08,42,2019,Otros,1648,3.6,0,B
09,43,2019,Censo,574866,,,B
09,43,2019,Votantes,388088,67.5,,B
09,43,2019,Nulos,2669,,,B
09,43,2019,V&aacute;lidos,385419,,,B
09,43,2019,Blancos,2715,,,B
09,43,2019,Esquerra Republicana de Catalunya-Sobiranistes (ERC-SOBIRANISTES),98782,25.6,2,B
09,43,2019,Partit dels Socialistes de Catalunya (PSC-PSOE),73641,19.1,2,B
09,43,2019,Junts per Catalunya (JxCAT-JUNTS),51461,13.4,1,B
09,43,2019,En Com&uacute; Podem (ECP),46644,12.1,1,B
09,43,2019,Vox (VOX),31124,8.1,0,B
09,43,2019,Partit Popular / Partido Popular (PP),29923,7.8,0,B
09,43,2019,Ciutadans-Partido de la Ciudadan&iacute;a (C's),22814,5.9,0,B
09,43,2019,Candidatura d'Unitat Popular-Per la Ruptura (CUP-PR),22129,5.7,0,B
09,43,2019,Partido Animalista Contra el Maltrato Animal (PACMA),4588,1.2,0,B
09,43,2019,Recortes Cero-Grupo Verde (RECORTES CERO-GV),533,0.1,0,B
09,43,2019,Otros,1065,0.3,0,B
02,44,2019,Censo,107467,,,B
02,44,2019,Votantes,74661,69.5,,B
02,44,2019,Nulos,531,,,B
02,44,2019,V&aacute;lidos,74130,,,B
02,44,2019,Blancos,403,,,B
02,44,2019,Teruel Existe (&iexcl;TERUEL EXISTE!),19761,26.7,1,B
02,44,2019,Partido Socialista Obrero Espa&ntilde;ol (PSOE),18934,25.5,1,B
02,44,2019,Partido Popular (PP),17520,23.6,1,B
02,44,2019,Vox (VOX),9346,12.6,0,B
02,44,2019,Unidas Podemos (PODEMOS-IU),3982,5.4,0,B
02,44,2019,Ciudadanos-Partido de la Ciudadan&iacute;a (C's),3732,5.0,0,B
02,44,2019,Partido Animalista Contra el Maltrato Animal (PACMA),212,0.3,0,B
02,44,2019,Otros,240,0.3,0,B
07,45,2019,Censo,525752,,,B
07,45,2019,Votantes,368619,70.1,,B
07,45,2019,Nulos,5145,,,B
07,45,2019,V&aacute;lidos,363474,,,B
07,45,2019,Blancos,2661,,,B
07,45,2019,Partido Socialista Obrero Espa&ntilde;ol (PSOE),116282,32.0,2,B
07,45,2019,Partido Popular (PP),94378,26.0,2,B
07,45,2019,Vox (VOX),86049,23.7,2,B
07,45,2019,Unidas Podemos (PODEMOS-IU),34837,9.6,0,B
07,45,2019,Ciudadanos-Partido de la Ciudadan&iacute;a (C's),24871,6.8,0,B
07,45,2019,Partido Animalista Contra el Maltrato Animal (PACMA),2680,0.7,0,B
07,45,2019,Recortes Cero-Grupo Verde (RECORTES CERO-GV),556,0.2,0,B
07,45,2019,Otros,1160,0.3,0,B
17,46,2019,Censo,1970196,,,B
17,46,2019,Votantes,1402405,71.2,,B
17,46,2019,Nulos,12147,,,B
17,46,2019,V&aacute;lidos,1390258,,,B
17,46,2019,Blancos,10798,,,B
17,46,2019,Partido Socialista Obrero Espa&ntilde;ol (PSOE),375879,27.0,4,B
17,46,2019,Partido Popular (PP),306929,22.1,4,B
17,46,2019,Vox (VOX),245890,17.7,3,B
17,46,2019,Unidas Podemos-Unides Podem (PODEMOS-EUPV),191812,13.8,2,B
17,46,2019,M&eacute;s Comprom&iacute;s (M&Eacute;S COMPROM&Iacute;S),122535,8.8,1,B
17,46,2019,Ciudadanos-Partido de la Ciudadan&iacute;a (C's),106820,7.7,1,B
17,46,2019,Partido Animalista Contra el Maltrato Animal (PACMA),15395,1.1,0,B
17,46,2019,Esquerra Republicana del Pais Valenci&agrave; (ERPV),3086,0.2,0,B
17,46,2019,Recortes Cero-Grupo Verde (RECORTES CERO-GV),1540,0.1,0,B
17,46,2019,Otros,9574,0.7,0,B
08,47,2019,Censo,432655,,,B
08,47,2019,Votantes,314787,72.8,,B
08,47,2019,Nulos,3333,,,B
08,47,2019,V&aacute;lidos,311454,,,B
08,47,2019,Blancos,3147,,,B
08,47,2019,Partido Socialista Obrero Espa&ntilde;ol (PSOE),94384,30.3,2,B
08,47,2019,Partido Popular (PP),91857,29.5,2,B
08,47,2019,Vox (VOX),56353,18.1,1,B
08,47,2019,Unidas Podemos (PODEMOS-IU),34313,11.0,0,B
08,47,2019,Ciudadanos-Partido de la Ciudadan&iacute;a (C's),26947,8.7,0,B
08,47,2019,Partido Animalista Contra el Maltrato Animal (PACMA),2088,0.7,0,B
08,47,2019,Recortes Cero-Grupo Verde (RECORTES CERO-GV),594,0.2,0,B
08,47,2019,Otros,1771,0.6,0,B
14,48,2019,Censo,949598,,,B
14,48,2019,Votantes,633977,66.8,,B
14,48,2019,Nulos,3665,,,B
14,48,2019,V&aacute;lidos,630312,,,B
14,48,2019,Blancos,3806,,,B
14,48,2019,Euzko Alderdi Jeltzalea-Partido Nacionalista Vasco (EAJ-PNV),221979,35.2,3,B
14,48,2019,Partido Socialista de Euskadi-Euskadiko Ezkerra (PSE-EE/PSOE),120566,19.1,2,B
14,48,2019,Elkarrekin Podemos-Unidas Podemos (PODEMOS-IU),97125,15.4,1,B
14,48,2019,Euskal Herria Bildu (EH Bildu),94669,15.0,1,B
14,48,2019,Partido Popular (PP),55621,8.8,1,B
14,48,2019,Vox (VOX),15284,2.4,0,B
14,48,2019,M&aacute;s Pa&iacute;s-Candidatura Ecologista (M&Aacute;S PA&Iacute;S-CANDIDATURA ECOLOGISTA),8542,1.4,0,B
14,48,2019,Ciudadanos-Partido de la Ciudadan&iacute;a (C's),6929,1.1,0,B
14,48,2019,Partido Animalista Contra el Maltrato Animal (PACMA),3783,0.6,0,B
14,48,2019,Recortes Cero-Grupo Verde (RECORTES CERO-GV),753,0.1,0,B
14,48,2019,Otros,1255,0.2,0,B
08,49,2019,Censo,168268,,,B
08,49,2019,Votantes,101334,60.2,,B
08,49,2019,Nulos,1543,,,B
08,49,2019,V&aacute;lidos,99791,,,B
08,49,2019,Blancos,1206,,,B
08,49,2019,Partido Popular (PP),33495,33.6,1,B
08,49,2019,Partido Socialista Obrero Espa&ntilde;ol (PSOE),32747,32.8,1,B
08,49,2019,Vox (VOX),17036,17.1,1,B
08,49,2019,Unidas Podemos (PODEMOS-IU),7001,7.0,0,B
08,49,2019,Ciudadanos-Partido de la Ciudadan&iacute;a (C's),6835,6.8,0,B
08,49,2019,Partido Animalista Contra el Maltrato Animal (PACMA),432,0.4,0,B
08,49,2019,Recortes Cero-Grupo Verde (RECORTES CERO-GV),129,0.1,0,B
08,49,2019,Otros,910,0.9,0,B
02,50,2019,Censo,739573,,,B
02,50,2019,Votantes,517639,70.0,,B
02,50,2019,Nulos,4355,,,B
02,50,2019,V&aacute;lidos,513284,,,B
02,50,2019,Blancos,4989,,,B
02,50,2019,Partido Socialista Obrero Espa&ntilde;ol (PSOE),158326,30.8,3,B
02,50,2019,Partido Popular (PP),119909,23.4,2,B
02,50,2019,Vox (VOX),92353,18.0,1,B
02,50,2019,Unidas Podemos (PODEMOS-IU),57875,11.3,1,B
02,50,2019,Ciudadanos-Partido de la Ciudadan&iacute;a (C's),47001,9.2,0,B
02,50,2019,M&aacute;s Pa&iacute;s-Chunta Aragonesista-Equo (M. PA&Iacute;S-CHA-EQUO),23196,4.5,0,B
02,50,2019,Partido Animalista Contra el Maltrato Animal (PACMA),3618,0.7,0,B
02,50,2019,Recortes Cero-Grupo Verde (RECORTES CERO-GV),861,0.2,0,B
02,50,2019,Otros,5156,1.0,0,B
18,51,2019,Censo,62513,,,B
18,51,2019,Votantes,33746,54.0,,B
18,51,2019,Nulos,351,,,B
18,51,2019,V&aacute;lidos,33395,,,B
18,51,2019,Blancos,324,,,B
18,51,2019,Vox (VOX),11752,35.2,1,B
18,51,2019,Partido Socialista Obrero Espa&ntilde;ol (PSOE),10455,31.3,0,B
18,51,2019,Partido Popular (PP),7439,22.3,0,B
18,51,2019,Unidas Podemos (PODEMOS-IU),1300,3.9,0,B
18,51,2019,Ciudadanos-Partido de la Ciudadan&iacute;a (C's),1138,3.4,0,B
18,51,2019,Recortes Cero-Grupo Verde (RECORTES CERO-GV),125,0.4,0,B
18,51,2019,Otros,862,2.6,0,B
19,52,2019,Censo,59497,,,B
19,52,2019,Votantes,31172,52.4,,B
19,52,2019,Nulos,240,,,B
19,52,2019,V&aacute;lidos,30932,,,B
19,52,2019,Blancos,185,,,B
19,52,2019,Partido Popular (PP),9136,29.5,1,B
19,52,2019,Vox (VOX),5692,18.4,0,B
19,52,2019,Partido Socialista Obrero Espa&ntilde;ol (PSOE),5087,16.4,0,B
19,52,2019,Ciudadanos-Partido de la Ciudadan&iacute;a (C's),917,3.0,0,B
19,52,2019,Unidas Podemos (PODEMOS-IU),809,2.6,0,B
19,52,2019,Recortes Cero-Grupo Verde (RECORTES CERO-GV),19,0.1,0,B
19,52,2019,Otros,9087,29.4,0,B