Country,Party,PoliticalPosition1,PoliticalPosition2,Ideology1,Ideology2,Ideology3
AT,Social Democratic Party of Austria (SPO),Centre-left,,Social Democracy,,
AT,The Greens - The Green Alternative (GRUNE),Centre-left,Left-wing,Green Politics,Direct Democracy,Europeanism
AT,Communist Party of Austria (KPO),Far-left,,Communism,Democratic Socialism,
AT,Austrian People's Party (OVP),Centre-right,Right-wing,Conservatism,Christian Democracy,Conservative Liberalism
AT,Freedom Party of Austria (FPO),Right-wing,Far-right,Austrian Nationalism,Right-wing Populism,Anti-Islam
AT,Liberal Forum (LIF),Centre,,Liberalism,,
AT,List Dr. Martin (MATIN),,,Populism,Euroscepticism,Anti-globalism
AT,Alliance for the Future of Austria (BZO),Centre-right,Right-wing,National Conservatism,Right-wing Populism,Euroscepticism
AT,Citizens' Forum Austria - List Fritz Dinkhauser (FRITZ),,,,,
AT,The New Austria (NEOS),Centre,,Liberalism,Economic Liberalism,
AT,Team Stronach (FRANK),Centre-right,Right-wing,Right-wing Populism,Economic Liberalism,Euroscepticism
AT,Pirate Party of Austria (PIRAT),Centre-left,,Pirate Politics,Social Liberalism,
AT,NEOS - The New Austria (NEOS),Centre,,Liberalism,Economic Liberalism,
AT,Communist Party of Austria and Platform Plus (KPO),Far-left,,Communism,Democratic Socialism,
AT,List Peter Pilz (PILZ),Centre-left,Left-wing,Green Politics,Left-wing Populism,
AT,List Roland Duringer - My Vote Counts (GILT),,,,,
BE,Flemish Liberals and Democrats (VLD),Centre-right,,Liberalism,Conservative Liberalism,Europeanism
BE,Socialist Party (PS),Centre-left,Left-wing,Social Democracy,Progressivism,Eco-socialism
BE,Reform Movement (MR),Centre-right,,Liberalism,Conservative Liberalism,Europeanism
BE,. Different - Spirit (sp.a-spirit),,,,,
BE,Christian Democratic & Flemish (CD&V),Centre,Centre-right,Christian Democracy,,
BE,Flemish Bloc (VB),Far-right,,Flemish Nationalism,Right-wing Populism,Anti-immigration
BE,Humanist Democratic Center (CDH),Centre,Centre-right,Christian Democracy,Christian Humanism,
BE,Ecolo,Centre-left,Left-wing,Green Politics,,
BE,New Flemish Alliance (N-VA),Centre-right,Right-wing,Flemish Nationalism,Separatism,Conservatism
BE,National Front (FN),Far-right,,Nationalism,Anti-immigration,
BE,Agalev,Centre-left,Left-wing,Green Politics,Progressivism,Multiculturalism
BE,Vivant,Centre-left,,Social Liberalism,Euroscepticism,Basic Income
BE,Christian Democratic & Flemish (CD&V) New Flemish Alliance (N-VA),Centre,Centre-right,Christian Democracy,,
BE,Open VLD (Flemish Liberals and Democrats),Centre-right,,Liberalism,Conservative Liberalism,Europeanism
BE,Flemish Interest (VB),Far-right,,Flemish Nationalism,Right-wing Populism,Anti-immigration
BE,List Dedecker,Right-wing,,Conservative Liberalism,Libertarianism,Euroscepticism
BE,Green!,Centre-left,Left-wing,Green Politics,,
BE,Socialist Party. Different (sp.a),,,,,
BE,Popular Party (PP),Right-wing,Far-right,Conservative Liberalism,Right-wing Populism,Euroscepticism
BE,Workers' Party of Belgium (PVDA/PTB),Left-wing,Far-left,Communism,Marxism,Socialism
BE,Green,Centre-left,Left-wing,Green Politics,,
BE,Francophone Democratic Federalists (FDF),Centre,Centre-right,Regionalism,Liberalism,Social Liberalism
BG,United Democratic Forces,Centre-right,,National Conservatism,Christian Democracy,Conservatism
BG,Movement for Rights and Freedoms,Centre,,Liberalism,Social Liberalism,Turkish Minority Interests
BG,Coalition "Simeon II",Centre,Centre-right,Liberalism,Conservative Liberalism,Populism
BG,National Movement Simeon II,Centre,Centre-right,Liberalism,Conservative Liberalism,Populism
BG,Coalition for Bulgaria,Left-wing,,Democratic Socialism,Left-wing Populism,
BG,George Day - IMRO,Right-wing,Far-right,National Conservatism,Bulgarian nationalism,Anti-Islam
BG,Coalition "Attack",Far-right,,Bulgarian Nationalism,Ultranationalism,Right-wing Populism
BG,Democrats for a Strong Bulgaria,,,Conservatism,Conservative Liberalism,
BG,Bulgarian People's Union,Centre-right,,Conservatism,Agrarianism,
BG,"Order, Lawfulness, Justice",Centre-right,Right-wing,Conservatism,Populism,
BG,National Movement for Stability and Progress,Centre,Centre-right,Liberalism,Conservative Liberalism,Populism
BG,Citizens for European Development of Bulgaria,Centre-right,Right-wing,Conservatism,Liberal Conservatism,Populism
BG,Blue Coalition,Centre-right,,,,
BG,Lider,,,Conservative Liberalism,,
BG,Bulgaria for Citizens Movement,Centre-right,,Liberal Conservatism,,
BG,IMRO - Bulgarian National Movement,Right-wing,Far-right,National Conservatism,Bulgarian nationalism,Anti-Islam
BG,Union of Democratic Forces,Centre-right,,National Conservatism,Christian Democracy,Conservatism
BG,National Front for the Salvation of Bulgaria,Right-wing,Far-right,Ultranationalism,Bulgarian Nationalism,National Conservatism
BG,Center - Freedom and Dignity,Centre,,Liberalism,Social Liberalism,Turkish Minority Interests
CH,Swiss People's Party (SVP/UDC),Right-wing,Far-right,Swiss Nationalism,Right-wing Populism,Anti-immigration
CH,Social Democratic Party of Switzerland (SPS/PSS),Centre-left,Left-wing,Socialdemocracy,Democratic Socialism,Anti-capitalism
CH,Radical Democratic Party (FDP/PRD),Centre-right,,Liberalism,Classical Liberalism,Conservative Liberalism
CH,Christian Democratic People's Party (CVP/PDC),Centre,Centre-right,Christian Democracy,Social Conservatism,
CH,The Greens - Green Party of Switzerland (GPS/PES),Centre-left,Left-wing,Green Politics,Progressivism,Europeanism
CH,Liberal Party of Switzerland (LPS/PLS),Centre-right,,Libertarianism,Economic Liberalism,Euroscepticism
CH,Evangelical People's Party (EVP/PEV),Centre,Centre-right,Christian Democracy,Social Conservatism,
CH,Federal Democratic Union (EDU/UDF),Right-wing,,Christian Right,Right-wing Populism,National Conservatism
CH,Swiss Labour Party (PdA/PST),Left-wing,Far-left,Communism,Marxism,Socialism
CH,Swiss Democrats (SD/DS),Right-wing,Far-right,Swiss Nationalism,Euroscepticism,
CH,Alternative List (FGA/AVF),Left-wing,,Socialism,,
CH,Solidarities (Sol.),Far-left,Socialism,Trotskyism,Anti-capitalism,Proletarian Internationalism
CH,Christian Social Party (CSP/PCS),Centre-left,,Christian Left,Social Democracy,Environmentalism
CH,Ticino League (Lega),Right-wing,,Regionalism,Right-wing Populism,Euroscepticism
CH,Freedom Party of Switzerland (FPS/PSL),Right-wing,,Swiss Nationalism,Conservatism,Right-wing Populism
CH,Green Liberal Party (GLP),Centre,Centre-right,Green Liberalism,Cultural Liberalism,Europeanism
CH,Radical Liberal Party (FDP/PLR),Centre-right,,Liberalism,Conservative Liberalism,Classic Liberalism
CH,Green Liberal Party (GLP/PVL),Centre,Centre-right,Green Liberalism,Cultural Liberalism,Europeanism
CH,Conservative Democratic Party of Switzerland (BDP/PBD),Centre,Centre-right,Fiscal Conservatism,,
CH,Social Democratic Party of Switzerland (SP/PS),Centre-left,Left-wing,Socialdemocracy,Democratic Socialism,Anti-capitalism
CH,Geneva Citizens' Movement (MCR),Right-wing,,National Conservatism,Regionalism,Right-wing Populism
CZ,Czech Social Democratic Party (ČSSD),Centre-left,,Socialdemocracy,Europeanism,
CZ,Civic Democratic Party (ODS),Centre-right,Right-wing,Liberal Conservatism,Euroscepticism,
CZ,Communist Party of Bohemia and Moravia (KSČM),Left-wing,Far-left,Communism,Marxism-Leninism,Euroscepticism
CZ,Coalition of KDU-ČSL and US-DEU,Centre,Centre-right,Christian Democracy,Social Conservatism,Europeanism
CZ,Association of Independents (SN),,,Conservatism,Liberalism,
CZ,Green Party (SZ),Centre-left,,Green Politics,Social Liberalism,Europeanism
CZ,Republicans of Miroslav Sládek (RMS),Right-wing,Far-right,National Conservatism,Austrian Economics,Euroscepticism
CZ,Civic Democratic Alliance (ODA),Centre-right,,Conservative Liberalism,Europeanism,
CZ,Christian and Democratic Union - Czechoslovak People's Party (KDU-ČSL),Centre,Centre-right,Christian Democracy,Social Conservatism,Europeanism
CZ,SNK European Democrats (SNK ED),Centre,Centre-right,Liberal Conservatism,Europeanism,
CZ,Freedom Union - Democratic Union (US-DEU),Centre-right,,Liberalism,Liberal Conservatism,
CZ,Tradition Responsibility Prosperity 09 (TOP 09),Centre-right,,Liberal Conservatism,Christian Democracy,Liberalism
CZ,Public Affairs (VV),Centre-right,,Conservative Liberalism,Direct Democracy,Populism
CZ,Party of Citizens' Rights - Zemanovci (SPOZ),Centre-left,,Social Democracy,,
CZ,Sovereignty - Jana Bobošíková Bloc,Far-right,,Ultranationalism,Social Conservatism,Right-wing Populism
CZ,Action of Dissatisfied Citizens (ANO 2011),Centre,Centre-right,Populism,Syncretic Politics,Conservative Liberalism
CZ,Dawn of Direct Democracy (UPD),Far-right,,Right-wing Populism,Euroscepticism,
CZ,Czech Pirate Party (ČPS),Centre,Centre-left,Pirate Politics,Liberalism,Progressivism
CZ,Free Citizens Party (SSO),Right-wing,,Classical Liberalism,Right-libertarianism,Libertarian Conservatism
CZ,Freedom and Direct Democracy (SPD),Right-wing,Far-right,Right-wing Populism,Czech Nationalism,Anti-immigration
CZ,Mayors and Independents (STAN),Centre,Centre-right,Liberalism,,
DE,Social Democratic Party of Germany (SPD),Centre-left,,Social Democracy,Europeanism,
DE,Christian Democratic Union (CDU),Centre-right,,Christian Democracy,Liberal Conservatism,Europeanism
DE,Christian Social Union (CSU),Centre-right,,Christian Democracy,Conservatism,Bavarian Regionalism
DE,Alliance 90/The Greens,Centre-left,,Green Politics,Europeanism,
DE,Free Democratic Party (F.D.P.),Centre,Centre-right,Liberalism,Classical Liberalism,Europeanism
DE,Party of Democratic Socialism (PDS),Left-wing,,Democratic Socialism,Left-wing Populism,
DE,Schill Party for Germany,Right-wing,,Right-wing Populism,Conservatism,
DE,The Republicans,Right-wing,,German Nationalism,National Conservatism,Euroscepticism
DE,The Left Party.,Left-wing,,Democratic Socialism,Left-wing Populism,Anti-capitalism
DE,National Democratic Party of Germany (NPD),Far-right,,Neo-nazism,Ultranationalism,Antisemitism
DE,The Left. (DIE LINKE),Left-wing,,Democratic Socialism,Left-wing Populism,Anti-capitalism
DE,Alliance 90/The Greens (GRÜNE),Centre-left,,Green Politics,Europeanism,
DE,Pirate Party of Germany (PIRATEN),,,Pirate Politics,Direct Democracy,Social Liberalism
DE,The Republicans (REP),Right-wing,,German Nationalism,National Conservatism,Euroscepticism
DE,Alternative for Germany (AfD),Far-right,,Right-wing Populism,,
DE,Free Voters (FREIE WÄHLER),Centre,Centre-right,Regionalism,Liberal Conservatism,
DE,South Schleswig Voters' League (SSW),,,Regionalism,Danish Minority Interests,Frisian Minority Interests
DK,Liberal Party of Denmark (Venstre),Centre-right,,Conservative Liberalism,Agrarianism,
DK,Social Democratic Party,Centre-left,,Socialdemocracy,Democratic Socialism,
DK,Danish People's Party,Right-wing,,Danish Nationalism,National Conservatism,Right-wing Populism
DK,Conservative People's Party,Centre-right,,Conservatism,Green Conservatism,Liberal Conservatism
DK,Socialist People's Party,Centre-left,Left-wing,Popular Socialism,Democratic Socialism,Green Politics
DK,Danish Social-Liberal Party (Radikale Venstre),Centre,Centre-left,Social Liberalism,,
DK,Unity List - Red-Green Alliance,Left-wing,Far-left,Socialism,Eco-socialism,Euroscepticism
DK,Christian People's Party,Centre,Centre-right,Christian Democracy,Social Conservatism,Environmentalism
DK,Center Democrats,Centre,,Centrism,Socialdemocracy,Liberal Conservatism
DK,Progress Party,Far-right,,Right-wing populism,Anti-Islam,Economic Liberalism
DK,Independent Candidates,,,,,
DK,Faroe Islands,,,,,
DK,Greenland,,,,,
DK,Christian Democrats,Centre,Centre-right,Christian Democracy,Social Conservatism,Environmentalism
DK,Minority Party,,,,,
DK,New Alliance,Centre-right,Right-wing,Classical Liberalism,Right-libertarianism,
DK,Liberal Alliance,Centre-right,Right-wing,Classical Liberalism,Right-libertarianism,
DK,The Alternative,Centre-left,Left-wing,Green Politics,Progressivism,Europeanism
DK,The New Right,Right-wing,Far-right,Danish Nationalism,Anti-immigration,Anti-Islam
DK,Hard Line,Far-right,,Ethnic Nationalism,Anti-immigration,Anti-Islam
DK,Klaus Riskær Pedersen,Centre,Centre-right,Populism,Paternalistic Conservatism,Social Liberalism
EE,Estonian Center Party,Centre,Centre-left,Populism,Social Liberalism,
EE,Res Publica,,,Conservatism,Populism,
EE,Estonian Reform Party,Centre-Right,,Liberalism,Classical Liberalism,
EE,People's Union of Estonia,Centre,Centre-left,Agrarianism,,
EE,Pro Patria Union,Centre-right,Right-wing,National Conservatism,Christian Democracy,
EE,People's Party Moderates,Centre-left,,Socialdemocracy,Europeanism,
EE,Estonian United People's Party,Centre-right,,,,
EE,Estonian Christian People's Party,Centre,,,,
EE,Pro Patria and Res Publica Union,Centre-right,Right-wing,National Conservatism,Christian Democracy,Economic Liberalism
EE,Estonian Greens,Centre-left,,Green Politics,Social Liberalism,
EE,Estonian Christian Democrats,,,Christian Democracy,Euroscepticism,
EE,Constitutional Party,Centre-left,,Russian Minority Interests,,
EE,Estonian Free Party,Centre-right,,Conservatism,Conservative Liberalism,
EE,Conservative People's Party of Estonia,Right-wing,Far-right,National Conservatism,Right-wing Populism,
EE,Estonian Conservative People's Party,Right-wing,Far-right,National Conservatism,Right-wing Populism,
EE,Pro Patria,Centre-right,Right-wing,National Conservatism,Christian Democracy,
EE,Estonia 200 Party,Centre,,Liberalism,Social Liberalism,Europeanism
ES,Partido Popular (PP),Centre-right,Right-wing,Spanish Nationalism,Liberal Conservatism,Christian Democracy
ES,Partido Socialista Obrero Español-progresistas (PSOE-progr.),Centre-left,,Socialdemocracy,,
ES,Convergència i Unió (CiU),Centre,Centre-right,Catalan Nationalism,Populism,Centrism
ES,Izquierda Unida-Esquerra Unida i Alternativa (IU-EUiA),Far-left,,Socialism,Communism,Catalan Self-determination
ES,Euzko Alderdi Jeltzalea-Partido Nacionalista Vasco (EAJ-PNV),Centre,Centre-right,Basque Nationalism,Regionalism,Christian Democracy
ES,Coalición Canaria (CC),Centre,Centre-right,Canarian Nationalism,Regionalism,
ES,Bloque Nacionalista Galego (BNG),Left-wing,,Galician Nationalism,Socialism,Left-wing Nationalism
ES,Partido Andalucista (PA),Centre-left,,Socialdemocracy,Andalusian Nationalism,Regionalism
ES,Esquerra Republicana de Catalunya (ERC),Centre-left,Left-wing,Catalan Independence,Socialdemocracy,Republicanism
ES,Iniciativa per Catalunya-Verds (IC-V),Left-wing,,Eco-socialism,Regionalism,Federalism
ES,Eusko Alkartasuna (EA),Centre-left,,Basque Nationalism,Socialdemocracy,Pacifism
ES,Chunta Aragonesista (ChA),Left-wing,,Eco-socialism,Aragonese Nationalism,Republicanism
ES,Unió Valenciana (UV),Right-wing,,Blaverism,Valencian Regionalism,Conservatism
ES,Partido Aragonés (PAR),Centre,Centre-right,Aragonese Regionalism,Conservatism,
ES,Otros,,,,,
ES,Partido Socialista Obrero Español (PSOE),Centre-left,,Socialdemocracy,,
ES,Izquierda Unida (IU),Left-wing,,Socialism,Republicanism,Spanish Federalism
ES,Nafarroa Bai (Na-Bai),Big Tent,,Basque Nationalism,Separatism,Progressivism
ES,Coalición Canaria - Partido Nacionalista Canario (CC-PNC),Centre,Centre-right,Canarian Nationalism,Regionalism,
ES,Unión Progreso y Democracia (UPyD),Centre,,Centrism,Spanish Nationalism,Social Liberalism
ES,Coalición Andalucista (CA),,,Andalusian Nationalism,,
ES,La Izquierda Plural (IU-LV),Left-wing,,Democratic Socialism,Eco-socialism,
ES,Amaiur (AMAIUR),Left-wing,,Basque Nationalism,Left-wing Nationalism,Basque Independence
ES,Esquerra Republicana de Catalunya (ERC/ESQUERRA),Centre-left,Left-wing,Catalan Independence,Socialdemocracy,Republicanism
ES,Coalición Canaria - Nueva Canarias (CC-NC-PNC),Centre,Centre-right,Canarian Nationalism,Regionalism,
ES,Bloc-Iniciativa-Verds-Equo-Coalició Compromís (COMPROMÍS-Q),Left-wing,,Valencianism,Republicanism,Eco-socialism
ES,Foro de Ciudadanos (FAC),Centre-right,,Conservatism,Christian Democracy,Regionalism
ES,Geroa Bai (GBAI),Centre-left,,Basque Nationalism,Progressivism,Basque Independence
ES,Equo (EQUO),Left-wing,,Valencianism,Republicanism,Eco-socialism
ES,Partido Animalista Contra el Maltrato Animal (PACMA),Centre-left,,Animal Welfare,Animal Rights,Environmentalism
ES,Escaños en Blanco (Eb),Big Tent,,,,
ES,Plataforma per Catalunya (PxC),Far-right,,Euroscepticism,Spanish Unionism,Anti-Islam
ES,Partido Regionalista de Cantabria (PRC),Centre,Centre-left,Autonomism,Cantabrian Regionalism,Populism
ES,Podemos (PODEMOS),Left-wing,,Democratic Socialism,Republicanism,Left-wing Populism
ES,Ciudadanos-Partido de la Ciudadanía (C's),Centre-right,Right-wing,Liberalism,Spanish Nationalism,
ES,Esquerra Republicana de Catalunya-Catalunya Sí (ERC-CATSI),Centre-left,Left-wing,Catalan Independence,Socialdemocracy,Republicanism
ES,Democràcia i Llibertat (DL),Centre-right,,Catalan Independence,Liberalism,Christian Democracy
ES,Unidad Popular (IU-UP),Left-wing,,Socialism,Marxismo,Democratic Socialism
ES,Euskal Herria Bildu (EH Bildu),Centre-left,Left-wing,Basque Nationalism,Basque Independence,Progressivism
ES,Coalición Canaria-Partido Nacionalista Canario (CCa-PNC),Centre,Centre-right,Canarian Nationalism,Regionalism,
ES,Nós-Candidatura Galega (BNG-CG-FOGA-PCPG-PG),Left-wing,,Galician Nationalism,Left-wing Nationalism,
ES,Unió Democràtica de Catalunya (unio.cat),Centre-right,Right-wing,Regionalism,Christian Democracy,Europeanism
ES,Vox (VOX),Right-wing,Far-right,Anti-immigration,Right-wing populism,Ultranationalism
ES,Recortes Cero-Grupo Verde,Left-wing,,Eco-socialism,Feminism,
ES,MÉS per Mallorca (MÉS),Left-wing,,Democratic Socialism,Green Politics,Left-wing Nationalism
ES,Partido Comunista de los Pueblos de España (PCPE),Far-left,,Communism,Marxism-Leninism,Anti-capitalism
ES,Unidos Podemos (PODEMOS-IU-EQUO),Left-wing,,Democratic Socialism,Left-wing Populism,Anti-austerity
ES,Esquerra Republicana de Catalunya-Catalunya Sí (ERC-CATSÍ),Centre-left,Left-wing,Catalan Independence,Socialdemocracy,Republicanism
ES,Convergència Democràtica de Catalunya (CDC),Centre-right,,Catalan Independence,Catalan Nationalism,Liberalism
ES,Nós-Candidatura Galega (BNG-NÓS),Left-wing,,Galician Nationalism,Left-wing Nationalism,
ES,Unidas Podemos (PODEMOS-IU-EQUO),Left-wing,,Democratic Socialism,Left-wing Populism,Anti-austerity
ES,Esquerra Republicana de Catalunya-Sobiranistes (ERC-SOBIRANISTES),Centre-left,Left-wing,Catalan Independence,Socialdemocracy,Republicanism
ES,Junts per Catalunya (JxCAT-JUNTS),Centre-right,,Catalan Independence,Liberalism,
ES,Navarra Suma (NA+),Centre-right,Right-wing,Regionalism,Chirstian Democracy,Conservatism
ES,Compromís: Bloc-Iniciativa-VerdsEquo (COMPROMÍS 2019),Left-wing,,Valencianism,Eco-socialism,Green Politics
ES,Poble Lliure-Som Alternativa-Pirates: Front Republicà (FRONT REPUBLICÀ),Left-wing,,Catalan Independence,Republicanism,
ES,Nueva Canarias (NCa),Centre-left,,Canarian Nationalism,Socialdemocracy,
ES,Unidas Podemos (PODEMOS-IU),Left-wing,,Democratic Socialism,Left-wing Populism,Anti-austerity
ES,Más País-Equo (MÁS PAÍS-EQUO),Left-wing,,Green Politics,Progressivism,Alter-globalization
ES,Candidatura d'Unitat Popular-Per la Ruptura (CUP-PR),Left-wing,Far-left,Catalan Independence,Socialism,Feminism
ES,Coalición Canaria-Nueva Canarias (CCa-PNC-NC),Centre,Centre-right,Canarian Nationalism,Regionalism,
ES,Teruel Existe (¡TERUEL EXISTE!),Big Tent,,Regionalism,,
ES,Recortes Cero-Grupo Verde (RECORTES CERO-GV),Left-wing,,Eco-socialism,Feminism,
FI,Center Party of Finland,Centre,,Liberalism,Agrarianism,Conservative Liberalism
FI,Social Democratic Party of Finland,Centre-left,,Socialdemocracy,,
FI,National Coalition Party,Centre-right,,Liberal Conservatism,,
FI,Left Alliance,Left-wing,,Democratic Socialism,Eco-socialism,
FI,Green League,Centre-left,,Green Politics,Green Liberalism,Europeanism
FI,Swedish People's Party in Finland,Centre,,Sweadish-speaking Minority Interests,Liberalism,Europeanism
FI,Christian Democrats in Finland,Centre-right,,Christian Democracy,Social Conservatism,
FI,True Finns,Right-wing,Far-right,National Conservatism,Right-wing Populism,
FI,Communist Party of Finland,Left-wing,Far-left,Communism,,
FI,Pirate Party of Finland,Big Tent,,Pirate Politics,Freedom of Information,Information Privacy
FI,Pirate Party,Big Tent,,Pirate Politics,Freedom of Information,Information Privacy
FI,Independence Party,,,Euroscepticism,Direct Democracy,Economic Democracy
FI,Finns Party,Right-wing,Far-right,National Conservatism,Right-wing Populism,
FI,Movement Now,Centre-right,,Economic Liberalism,,
FI,Blue Reform,Right-wing,,Economic Liberalism,National Conservatism,Euroscepticism
FR,Socialist Party (PS),Centre-left,,Socialdemocracy,,
FR,French Communist Party (PCF),Left-wing,,Communism,,
FR,The Greens,Centre-left,Left-wing,Green Politics,,
FR,Liberal Democracy (DL),Centre-right,Right-wing,Classical Liberalism,,
FR,"Hunting, Fishing, Nature and Traditions (CPNT)",Right-wing,,Agrarianism,Alter-globalism,Euroscepticism
FR,Workers' Struggle (LO),Far-left,,Trotskyism,Feminism,Anti-capitalism
FR,Other right-wing parties,Right-wing,,,,
FR,Union for a Presidential Majority (UMP),Centre-right,,Gaullism,Conservatism,Liberal Conservatism
FR,Union for French Democracy (UDF),Centre,Centre-right,Christian Democracy,Liberalism,
FR,Left Radical Party (PRG),Centre-left,,Social Liberalism,Europeanism,
FR,Rally for France (RPF),Right-wing,,Gaullism,Conservatism,Souverainism
FR,Movement for France (MPF),Right-wing,,National Conservatism,Social Conservatism,Souverainism
FR,Republican Pole,,,,,
FR,Revolutionary Communist League (LCR),Left-wing,Far-left,Trotskyism,,
FR,National Republican Movement (MNR),Far-right,,French Nationalism,Anti-immigration,Right-wing Populism
FR,Other left-wing parties,Left-wing,,,,
FR,Union for a Popular Movement (UMP),Centre-right,,Gaullism,Conservatism,Liberal Conservatism
FR,Presidential Majority,,,,,
FR,UDF-Democratic Movement (MoDem),Centre,Centre-right,Chirstian Democracy,Liberalism,Conservative Liberalism
FR,New Center,Centre,Centre-right,Liberalism,Conservative Liberalism,Chirstian Democracy
FR,Left Front,Left-wing,Far-left,Socialism,Communism,
FR,Center for France,,,,,
FR,Europe Ecology - The Greens,Centre-left,Left-wing,Green Politics,Alter-globalization,
FR,Radical Party,Centre-left,,Spcial Liberalism,Europeanism,
FR,Centrist Alliance,Centre,,Liberalism,Europeanism,
FR,The Republicans (LR),Centre-right,,Liberal Conservatism,Christian Democracy,Gaullism
FR,La France Insoumise (FI),Left-wing,Far-left,Democratic Socialism,Eco-socialism,Environmentalism
FR,Ecologists,Centre-left,,Green Politics,Green Liberalism,Europeanism
FR,La Republique En Marche! (REM),Centre,,Liberalism,Europeanism,
FR,Democratic Movement (MoDem),Centre,Centre-right,Liberalism,Social Liberalism,Christian Democracy
FR,Union of Democrats and Independents (UDI),Centre,Centre-right,Liberalism,Europeanism,
FR,Debout la France (DLF),Right-wing,Far-right,French Nationalism,National Conservatism,Gaullism
GK,Pan Hellenic Socialist Movement (PASOK),Centre-left,,Socialdemocracy,Europeanism,
GK,New Democracy (ND),Centre-right,,Liberal Conservatism,Christian Democracy,
GK,Communist Party of Greece (KKE),Far-left,,Communism,Marxism-Leninism,Euroscepticism
GK,Coalition of the Left and Progress (SYN),Centre-left,Left-wing,Democratic Socialism,Eco-socialism,Eurocommunism
GK,Democratic Social Movement (DHKKI),Left-wing,,Socialism,Socialdemocracy,Euroscepticism
GK,"Coalition of the Left, the Movements and the Ecology (SYN)",Centre-left,Left-wing,Democratic Socialism,Eco-socialism,Eurocommunism
GK,Popular Orthodox Rally (LAOS),Right-wing,,Greek Nationalism,Right-wing Populism,Religious Conservatism
GK,Coalition of the Radical Left (SYRIZA),Centre-left,Left-wing,Socialdemocracy,Left-wing Populism,Europeanism
GK,Ecologist Greens,Left-wing,,Green Politics,,
GK,Independent Greeks (ANEL),Right-wing,,Greek Nationalism,Conservatism,National Conservatism
GK,Golden Dawn (XA),Far-right,,Neo-fascism,Megali Idea,Right-wing Populism
GK,Democratic Left (DIMAR),Centre-left,Left-wing,Socialdemocracy,Democratic Socialism,Europeanism
GK,Democratic Alliance (DISY),Centre,,Liberalism,Centrism,
GK,Recreate Greece,Far-right,,Anti-communism,Anti-immigration,Anti-Islam
GK,The River (To Potami),Centre,Centre-left,Social Liberalism,Socialdemocracy,
GK,Movement of Democratic Socialists (KIDISO),Centre-left,,Socialdemocracy,Europeanism,
GK,Union of Centrists (EK),Centre,,Centrism,Conservative Liberalism,Economic Liberalism
GK,Democratic Coalition (PASOK-DIMAR),Centre-left,,Socialdemocracy,Europeanism,
GK,Popular Unity (LAE),Left-wing,Far-left,Socialism,Euroscepticism,
HU,Fidesz-MDF,Right-wing,Far-right,National Conservatism,Social Conservatism,Right-wing Populism
HU,Hungarian Socialist Party (MSZP),Centre-left,,Socialdemocracy,Europeanism,
HU,Alliance of Free Democrats (SZDSZ),Centre,,Liberalism,,
HU,MSZP-SZDSZ joint candidates,Centre,,Liberalism,,
HU,Hungarian Justice and Life Party (MIÉP),Right-wing,Far-right,Hungarian Nationalism,Natonial Conservatism,Social Conservatism
HU,Center of Solidarity for Hungary (OMC),Centre-left,,,,
HU,Workers' Party (MP),Far-left,,Communism,Marxism-Leninism,Kadarism
HU,Independent Smallholders' Party (FKgP),Right-wing,,Agrarianism,Hungarian Nationalism,Right-wing Populism
HU,MSZP-MSZDP joint candidates,Centre,,Liberalism,,
HU,Fidesz-Hungarian Civic Union-KDNP,Right-wing,Far-right,National Conservatism,Social Conservatism,Right-wing Populism
HU,Hungarian Democratic Forum (MDF),Centre-right,,Christian Democracy,Conservatism,Hungarian Nationalism
HU,Association for Somogy,,,,,
HU,MIÉP-Jobbik Third Way Alliance of Parties,Far-right,,Hungarian Nationalism,National Conservatism,Social Conservatism
HU,MDF-Fidesz-KDNP joint candidates,Right-wing,Far-right,National Conservatism,Social Conservatism,Right-wing Populism
HU,MDF-Others joint candidates,Centre-right,,Christian Democracy,Conservatism,Hungarian Nationalism
HU,Movement for a Better Hungary (Jobbik),Centre-right,,Conservatism,Hungarian Nationalism,Europeanism
HU,Politics Can Be Different (LMP),Centre-left,,Green Liberalism,Syncretic Politics,
HU,Fidesz-KDNP-MVMP joint candidate,Right-wing,Far-right,National Conservatism,Social Conservatism,Right-wing Populism
HU,MDF-SZDSZ joint candidates,Centre,,Liberalism,,
HU,Unity (MSZP-EGYÜTT-DK-PM-MLP),Centre-left,,Big Tent,,
HU,Fidesz - Hungarian Civic Union-KDNP,Right-wing,Far-right,National Conservatism,Social Conservatism,Right-wing Populism
HU,Hungarian Socialist Party-Dialogue (MSZP-PÁRBESZÉD),Centre-left,,Socialdemocracy,Europeanism,
HU,Democratic Coalition (DK),Centre-left,,Christian Socialism,,
HU,Together - Party for a New Era (EGYÜTT),Centre,,Social Liberalism,Liberalism,Europeanism
HU,Momentum Movement (MOMENTUM),Centre,,Liberalism,Civic Nationalism,Europeanism
HU,Hungarian Two-tailed Dog Party (MKKP),,,Joke Party,,
IE,Fine Gael,Centre-right,,Liberal Conservatism,Christian Democracy,Europeanism
IE,Non-Party,,,,,
IE,Green Party-Comhaontas Glas,Centre-left,,Green Politics,,
IE,Socialist Party,Left-wing,Far-left,Democratic Socialism,Political Radicalism,Trotskyism
IE,Fianna Fail,Centre,Centre-right,Conservatism,Christian Democracy,Populism
IE,Labour Party,Centre-left,,Socialdemocracy,,
IE,Progressive Democrats,Centre-right,,Conservative Liberalism,Social Liberalism,Neoliberalism
IE,Sinn Fein,Centre-left,Left-wing,Irish Republicanism,Democratic Socialism,Left-wing Nationalism
IE,People Before Profit Alliance,Left-wing,Far-left,Socialism,,
IE,Anti-Austerity Alliance - People Before Profit,Left-wing,Far-left,Socialism,,
IE,Social Democrats,Centre-left,,Socialdemocracy,,
IE,Renua Ireland,Right-wing,Far-right,Anti-abortion,Christian Democracy,Social Conservatism
IE,Independents 4 Change,Left-wing,,Socialism,,
IE,Green Party/Comhaontas Glas,Centre-left,,Green Politics,,
IE,Independent,,,,,
IE,Solidarity-People Before Profit,Left-wing,Far-left,Socialism,,
IE,Renua,Right-wing,Far-right,Anti-abortion,Christian Democracy,Social Conservatism
IE,Irish Democratic Party,Centre,,Participatory democracy,,
IE,United People,,,,,
IE,Green Party,Centre-left,,Green Politics,,
IE,Aontu,,,Anti-abortion,Irish Republicanism,Social Conservatism
IE,Irish Freedom Party,Right-wing,Far-right,Direct Democracy,Euroscepticism,
IE,National Party,Far-right,,Irish Nationalism,Right-wing Populism,Anti-Islam
IE,Workers' Party,Left-wing,,Communism,,
IS,Independece Party,Centre-right,Right-wing,Liberal Conservatism,Euroscepticism,
IS,Alliance,Centre-left,,Socialdemocracy,,
IS,Progressive Party,Centre,Centre-right,Agrarianism,Liberalism,Euroscepticism
IS,Left-Green Movement,Centre-left,Left-wing,Democratic Socialism,Eco-socialism,
IS,Liberal Party,Centre-right,,Liberalism,Anti-establishment,
IS,Iceland's Movement,,,,,
IS,Citizens' Movement,,,Democracy,Equality,Justice
IS,Democracy Movement,,,Direct Democracy,,
IS,Social Democratic Alliance,Centre-left,,Socialdemocracy,Europeanism,
IS,Bright Future,Centre,,Liberalism,Social Liberalism,Green Liberalism
IS,Dawn,Centre,,Populism,,
IS,Household's Party,Right-wing,,,,
IS,Iceland Democratic Party,,,,,
IS,Right Green People's Party,,,Euroscepticism,Libertarianism,Environmentalism
IS,Rainbow,Left-wing,,Environmentalism,Euroscepticism,Socialism
IS,Reform,Centre-right,,Liberalism,Economic Liberalism,Green Liberalism
IS,People's Party,Centre-left,Right-wing,Populism,Disability Rights,Pensioners' Interests
IS,People's Front of Iceland,Left-wing,Far-left,Anti-capitalism,Environmentalism,Euroscepticism
IS,Icelandic National Alliance,,,,,
IS,Humanist Party,Left-wing,,Universal Humanism,Libertarian Socialism,Anti-capitalism
IS,Center Party,Centre-right,,Liberalism,Populism,
IT,Casa delle Libertà,Centre-right,,,,
IT,L'Ulivo,Centre-left,,,,
IT,Südtiroler Volkspartei (SVP),Centre,,Regionalism,Autonomism,Christian Democracy
IT,Vallée d'Aoste,Big Tent,,Regionalism,Autonomism,
IT,Democrazia Europea,Centre,,Christian Democracy,,
IT,Lista Di Pietro,Centre-left,,Populism,Anti-corruption,
IT,Pannella-Bonino,,,Radicalism,Libertarianism,Liberalism
IT,Fiamma Tricolore,Far-right,,Neo-fascism,Italian Nationalism,Euroscepticism
IT,Democratici di Sinistra (Valle d'Aosta),Centre-left,,Socialdemocracy,,
IT,Forza Italia-Lega Nord (Valle d'Aosta),Centre-right,,,,
IT,Alleanza Nazionale (Valle d'Aosta),Right-wing,,Conservatism,National Conservatism,
IT,Forza Italia,Centre-right,,Liberal Conservatism,Christian Democracy,Liberalism
IT,Democratici di Sinistra,Centre-left,,Socialdemocracy,,
IT,La Margherita,Centre,Centre-left,Social Liberalism,Christian Left,Christian Democracy
IT,Alleanza Nazionale,Right-wing,,Conservatism,National Conservatism,
IT,Rifondazione Comunista,Left-wing,Far-left,Communism,Anti-globalization,
IT,Lega Nord,Right-wing,Far-right,Federalism,Regionalism,Conservatism
IT,Centro Cristiano Democratico-Cristiani Democratici Uniti (CCD-CDU),Centre-right,,Christian Democracy,,
IT,Il Girasole,Centre-left,Left-wing,Socialdemocracy,Green Politics,
IT,Comunisti Italiani,Left-wing,Far-left,Communism,,
IT,Nuovo PSI,Centre,Centre-right,Socialdemocracy,Liberalism,
IT,Partito della Rifondazione Comunista,Left-wing,Far-left,Communism,Anti-globalization,
IT,La Rosa nel Pugno,Centre-left,,Social Liberalism,Socialdemocracy,Secularism
IT,Partito dei Comunisti Italiani,Left-wing,Far-left,Communism,,
IT,Italia dei Valori,Centre-left,,Populism,Anti-corruption,
IT,Federazione dei Verdi,,,,,
IT,Popolari UDEUR,Centre,,Christian Democracy,,
IT,Partito Pensionati,Centre-right,,Pensioners' Interests,Single Issue Politics,
IT,I Socialisti,Centre-left,,,,
IT,Lista Consumatori,Centre,,Consumer Protection,,
IT,Others (Romano Prodi),,,,,
IT,Unione dei Democratici Cristiani e Democratici di Centro,Centre,Centre-right,Christian Democracy,Social Conservatism,
IT,Democrazia Cristiana - Nuovo PSI,Centre,,Socialdemocracy,Liberalism,
IT,Alternativa Sociale con Alessandra Mussolini,Far-right,,Italian Nationalism,Neo-fascism,
IT,Others (Silvio Berlusconi),,,,,
IT,Il Popolo della Libertà,Centre-right,,Liberal Conservatism,Christian democracy,Liberalism
IT,Movimento per l'Autonomia,Centre-right,,Southern Regionalism,Autonomism,
IT,Partito Democratico,Centre-left,,Socialdemocracy,Progressivism,
IT,Unione di Centro,Centre,Centre-right,Christian Democracy,Social Conservatism,
IT,La Sinistra l'Arcobaleno,Left-wing,,Communism,Eco-socialism,
IT,La Destra - Fiamma Tricolore,Far-right,,Neo-fascism,Italian Nationalism,
IT,Partito Socialista,Centre-left,,,,
IT,Sinistra Ecologia Libertà,Left-wing,,Democratic Socialism,Eco-socialism,
IT,Centro Democratico,Centre,Centre-left,Centrism,Christian Democracy,
IT,Fratelli d'Italia,Right-wing,Far-right,National Conservatism,Right-wing Populism,Euroscepticism
IT,La Destra,Far-right,,Neo-fascism,National Conservatism,Euroscepticism
IT,Grande Sud - MPA,Centre-right,,Regionalism,Christian Democracy,Liberalism
IT,MIR - Moderati in Rivoluzione,,,,,
IT,MoVimento 5 Stelle - beppegrillo.it,Big Tent,,Populism,Environmentalism,Direct Democracy
IT,Scelta Civica - Con Monti per l'Italia,Centre,,Liberalism,,
IT,Futuro e Libertà,Centre-right,,Liberal Conservatism,Liberalism,
IT,Rivoluzione Civile,Left-wing,,Anti-corruption,Left-wing Populism,
IT,Fare per Fermare il Declino,Centre-right,,Classical Liberalism,,
IT,Lega,Right-wing,Far-right,Right-wing Populism,Conservatism,Nationalism
IT,Movimento 5 Stelle,Big Tent,,Populism,Environmentalism,Direct Democracy
IT,+Europa,Centre,,Liberalism,Social Liberalism,
IT,Civica Popolare,Centre,,Christian Democracy,,
IT,Potere al Popolo!,Left-wing,Far-left,Communism,Democratic Socialism,Left-wing Populism
IT,Il Popolo della Famiglia,Right-wing,,Social Conservatism,Anti-LGTB Rights,
IT,Partito Comunista,Left-wing,,Democratic Socialism,,
IT,Noi con l'Italia - UDC,Centre,Centre-right,Chritian Democracy,Liberal Conservatism,Liberalism
IT,SVP - PATT,Centre,,,,
IT,Italia Europa Insieme,Centre-left,,Progressivism,Socialdemocracy,
IT,Liberi e Uguali,Left-wing,,Socialdemocracy,,
IT,CasaPound Italia,Far-right,,Neo-fascism,Italian Ultranationalism,Neo-nazism
IT,Italia agli Italiani,Far-right,,Neo-fascism,Ultranationalism,Euroscepticism
LU,Christian Social People's Party (CSV),Centre,Centre-right,Christian Democracy,,
LU,Luxembourg Socialist Workers' Party (LSAP),Centre-left,,Socialdemocracy,Democratic Socialism,
LU,Democratic Party (DP),Centre,Centre-right,Liberalism,Social Liberalism,Europeanism
LU,Action Committee for Democracy and Pensions Justice (ADR),Right-wing,,Social Conservatism,,
LU,The Left,Left-wing,,Democratic Socialism,,
LU,Communist Party of Luxembourg (KPL),Far-left,,Communism,Marxism-Leninism,
LU,Alternative Democratic Reform Party (ADR),Right-wing,Far-right,Social Conservatism,National Conservatism,Economic liberalism
LU,Party for Integral Democracy (PID),,,,,
LV,New Era,Centre-right,,Liberal Conservatism,Economic Liberalism,
LV,For Human Rights in a United Latvia,,,,,
LV,Union of Greens and Farmers,Centre,Centre-right,Agrarianism,,
LV,First Party of Latvia,Right-wing,,Conservatism,Christian Democracy,Euroscepticism
LV,For Fatherland and Freedom,Right-wing,,Latvian Nationalism,National Conservatism,
LV,Latvia's Way,Centre-right,,Conservative Liberalism,,
LV,Latvian Social Democratic Workers' Party,Centre-left,,Socialdemocracy,Democratic Socialism,
LV,Harmony Center,Centre-left,,Socialdemocracy,Russian Minority Politics,
LV,First Party of Latvia and Latvia's Way,Centre-right,,Conservative Liberalism,,
LV,Unity,Centre-right,,Liberal Conservatism,,
LV,National Alliance,Right-wing,Far-right,National Conservatism,Right-wing Populism,
LV,For a Good Latvia,Centre-right,,Conservatism,,
LV,Zatlers' Reform Party,Centre-right,,Liberal Conservatism,,
LV,Social Democratic Party Harmony,Centre-left,,Socialdemocracy,Russian Minority Politics,
LV,For Latvia from the Heart,Right-wing,,Conservatism,Social Conservatism,Right-wing Populism
LV,Alliance of Latvian Regions,Centre,,Centrism,Regionalism,
LV,Latvian Russian Union,,,Russian Minority Politics,,
LV,KPV LV (Who owns the State?),Centre-right,Right-wing,Right-wing Populism,Conservatism,
LV,New Conservative Party,Centre-right,,Liberal Conservatism,,
LV,Development/For!,Centre,,Liberalism,Social Liberalism,
LV,New Unity,Centre-right,,Liberal Conservatism,Liberalism,
LV,The Progressives,Centre-left,,Socialdemocracy,,
NL,Christian Democratic Appeal (CDA),Centre,Centre-right,Christian Democracy,Social Conservatism,
NL,List Pim Fortuyn (LPF),Right-wing,,Fortuynism,Classical Liberalism,Right-wing Populism
NL,People's Party for Freedom and Democracy (VVD),Centre-right,,Conservative Liberalism,,
NL,Labour Party (PvdA),Centre-left,,Socialdemocracy,,
NL,Green Left (GL),Centre-left,Left-wing,Green Politics,Socialdemocracy,Europeanism
NL,Socialist Party (SP),Left-wing,,Democratic Socialism,Left-wing Populism,
NL,Democrats 66 (D66),Centre,Centre-left,Social Liberalism,Progressivism,European Federalism
NL,Christian Union (CU),Centre-right,,Christian Democracy,Social Conservatism,
NL,Political Reformed Party (SGP),Right-wing,,Christian Right,Social Conservatism,Theocracy
NL,Liveable Netherlands (LN),Centre,,Populism,Nationalism,Republicanism
NL,Party for the Animals (PvdD),Left-wing,,Animal Rights,Animal Welfare,Environmentalism
NL,Group Wilders/Party for Freedom (PVV),Right-wing,Far-right,Dutch Nationalism,Right-wing Populism,Anti-Islam
NL,One NL,,,Fortuynism,,
NL,Fortuyn,Right-wing,,Fortuynism,Classical Liberalism,Right-wing Populism
NL,Party for Freedom (PVV),Right-wing,Far-right,Dutch Nationalism,Right-wing Populism,Anti-Islam
NL,Proud of the Netherlands (TON),Right-wing,,National Liberalism,Euroscepticism,
NL,50Plus Party (50PLUS),Centre,,Pernsioners' Interests,Populism,Euroscepticism
NL,Pirate Party of the Netherlands (PPNL),Syncretic,,Pirate Politics,Privacy,Open Government
NL,Denk (DENK),Centre-left,Left-wing,Socialdemocracy,Identity Politics,Pro-immigration
NL,Forum for Democracy (FvD),Far-right,,Right-wing Populism,Souverainism,Russophilia
NL,For the Netherlands (VNL),Right-wing,,Classical Liberalism,Euroscepticism,Right-wing Populism
NO,Labour Party,Centre-left,,Socialdemocracy,,
NO,Conservative Party (Høyre),Centre-right,,Liberal Conservatism,Europeanism,
NO,Progress Party,Right-wing,,Conservative Liberalism,Right-libertarianism,Right-wing Populism
NO,Socialist Left Party,Left-wing,,Democratic Socialism,Eco-socialism,Republicanism
NO,Christian Democratic Party (Kristelig Folkeparti),Centre,Centre-right,Christian Democracy,Social Conservatism,
NO,Center Party,Centre,,Agrarianism,Economic Nationalism,Euroscepticism
NO,Liberal Party (Venstre),Centre,,Liberalism,Europeanism,Republicanism
NO,Coast Party,Centre-right,,Northern Regionalism,Agrarianism,National Conservatism
NO,Red Electoral Alliance,Left-wing,Far-left,Revolutionary Socialism,Marxism,
NO,Red,Left-wing,Far-left,Communism,Democractic Socialism,Revolutionary Socialism
PL,Civic Platform (PO),PoliticalPosition1,PoliticalPosition2,Ideology1,Ideology2,Ideology3
PL,Law and Justice (PiS),Right-wing,,National Conservatism,Right-wing Populism,Christian Right
PL,League of Polish Families (LPR),Far-right,,Polish Nationalism,National Conservatism,Political Catholicism
PL,Solidarity Electoral Action (AWS),Centre-right,,Conservatism,Christian Democracy,
PL,Democratic Left Alliance - Labour Union (SLD - UP),Centre-left,,Socialdemocracy,Progressivism,
PL,Self-Defense (SRP),Right-wing,Far-right,Agrarianism,Polish Nationalism,Populism
PL,Polish Peasant Party (PSL),Centre,Centre-right,Agrarianism,Christian Democracy,Conservatism
PL,German Minority,,,German Minority Interests,Regionalism,
PL,Democratic Left Alliance (SLD),Centre-left,,Socialdemocracy,Europeanism,Atlanticism
PL,Social Democracy of Poland (SDPL),Centre-left,,Socialdemocracy,,
PL,Democratic Party (PD),Centre,Centre-left,Social Liberalism,,
PL,Left and Democracy (LiD),Centre-left,,Socialdemocracy,Social Liberalism,
PL,Palikot's Movement (RP),Centre-left,Left-wing,Progressivism,Left-libertarianism,Left-wing Populism
PL,Poland Comes First (PJN),Centre-right,,Conservatism,Christian Democracy,Conservative Liberalism
PL,Modern (.N),Centre,,Liberalism,,
PL,KORWiN,Right-wing,Far-right,Paleoconservatism,Economic Liberalism,Right-wing Populism
PL,Kukiz'15 (K'15),Centre-right,Right-wing,Right-wing Populism,Conservatism,
PL,United Left (ZL),Centre-left,,Socialdemocracy,,
PL,Together,Centre-right,,Liberal Conservatism,,
PT,Partido Social Democrata (PPD/PSD),Centre-right,,Liberal Conservatism,,
PT,Partido Socialista (PS),Centre-left,,Socialdemocracy,,
PT,Partido Popular (CDS-PP),Centre-right,Right-wing,Chirstian Democracy,Conservatism,
PT,CDU - Coligação Democrática Unitária (PCP-PEV),Left-wing,Far-left,Communism,Eco-socialism,
PT,Bloco de Esquerda (B.E.),Left-wing,Far-left,Democratic Socialism,Left-wing Populism,Eco-socialism
PT,Partido Comunista dos Trabalhadores Portugueses (PCTP/MRPP),Far-left,,Communism,Marxism-Leninism,Maoism
PT,Movimento o Partido da Terra (MPT),Centre-right,,Green Conservatism,Liberalism,
PT,Partido Popular Monárquico (PPM),Right-wing,,Constitutional Monarchism,Conservatism,Christian Democracy
PT,Partido Humanista (P.H.),Centre-left,,,,
PT,Partido Nacional Renovador (P.N.R.),Far-right,,Right-wing Populism,Euroscepticism,Anti-immigration
PT,Partido Operário de Unidade Socialista (POUS),Far-left,,Communism,Marxism,Trotskyism
PT,Partido da Nova Democracia (PND),Right-wing,,Conservatism,Right-wing Populism,Euroscepticism
PT,Partido Humanista (PH),Centre-left,,,,
PT,Partido Nacional Renovador (PNR),Far-right,,Right-wing Populism,Euroscepticism,Anti-immigration
PT,Partido Democrático do Atlântico (PDA),Syncretic,,Populism,Devolutionism,Self-determination
PT,CDS - Partido Popular (CDS-PP),Centre-right,Right-wing,Chirstian Democracy,Conservatism,
PT,Movimento Esperança Portugal (MEP),Centre,,Centrism,Liberalism,
PT,Nova Democracia (PND),Right-wing,,Conservatism,Right-wing Populism,Euroscepticism
PT,Movimento Mérito e Sociedade (MMS),Centrism,,Liberalism,,
PT,FEH - Frente Ecologia e Humanismo (MPT-P.H.),,,Environmentalism,Humanism,
PT,Portugal pro Vida (PPV),Right-wing,,Christian Right,Catholic Social Teaching,Confessionalism of the State
PT,Partido Trabalhista Português (PTP),Centre-left,,Democratic Socialism,Socialdemocracy,Europeanism
PT,Partido da Terra (MPT),Centre-right,,Green Conservatism,Liberalism,
PT,Partido pelos Animais e pela Natureza (PAN),Centre-left,,Environmentalism,Animal Rights,Ecofeminism
PT,Portugal à Frente (PPD/PSD.CDS-PP),Centre-right,Right-wing,Conservatism,Liberal Conservatism,Christian Democracy
PT,Pessoas-Animais-Natureza (PAN),Centre-left,,Environmentalism,Animal Rights,Ecofeminism
PT,Partido Democrático Republicano (PDR),Centre,,Traditionalism,,
PT,LIVRE/Tempo de Avançar (L/TDA),Centre-left,Left-wing,Eco-socialism,Democratic Socialism,
PT,Agir (PTP-MAS),,,,,
PT,Nós, Cidadãos! (NC),Centre-right,,Liberalism,Europeanism,
PT,Juntos pelo Povo (JPP),Centre,,Madeiran Regionalism,Social Liberalism,
PT,Partido Unido dos Reformados e Pensionistas (PURP),Big Tent,,Pensioners' Interests,Anti-austerity,Populism
PT,Aliança Açores (CDS-PP.PPM),Centre-right,Right-wing,Christian Democracy,Conservatism,Classical Liberalism
PT,Partido Cidadania e Democracia Cristã (PPV/CDC),Right-wing,,Conservatism,Social Conservatism,Christian Right
PT,CHEGA (CH),Right-wing,Far-right,National Conservatism,Right-wing Populism,Economic Liberalism
PT,Iniciativa Liberal (IL),Centre-right,Right-wing,Liberalism,Libertarianism,
PT,LIVRE (L),Centre-left,Left-wing,Eco-socialism,Democratic Socialism,
PT,Aliança (A),Centre-right,,Fiscal Conservatism,Conservative Liberalism,Social Conservatism
PT,Reagir Incluir Reciclar (R.I.R.),Syncretic,,Humanism,Pacifism,Environmentalism
PT,Movimento Alternativa Socialista (MAS),Left-wing,,Socialism,Trotskyism,
PT,Madeira Primeiro (PPD/PSD.CDS-PP),Centre-right,Right-wing,Conservatism,Liberal Conservatism,Christian Democracy
PT,Aliança Democrática (PPD/PSD.CDS-PP.PPM),Centre-right,,Christian Democracy,,
PT,Alternativa Democrática Nacional (AND),Centre,,Traditionalism,,
PT,Volt Portugal (VP),,,Social Liberalism,Europeanism,European Federalism
PT,Ergue-te (E),Far-right,,Right-wing Populism,Euroscepticism,Anti-immigration
SE,Social Democratic Party,Centre-left,,Socialdemocracy,,
SE,Moderate Party,Centre-right,,Liberal Conservatism,Green Conservatism,
SE,Left Party,Left-wing,,Socialism,Eco-socialism,Feminism
SE,Green Party,Centre-left,,Green Politics,Ecofeminism,
SE,Christian Democratic Party,Centre-right,Right-wing,Christian Democracy,Agrarianism,Conservatism
SE,Liberal Party,Centre-right,,Liberalism,Classical Liberalism,European Federalism
SE,Center Party,Centre,Centre-right,Liberalism,Social Liberalism,Green Liberalism
SE,Sweden Democrats,Right-wing,,Swedish nationalism,National Conservatism,Right-wing Populism
SE,Feminist Initiative,Left-wing,,Radical Feminism,,
SI,Liberal Democracy of Slovenia (LDS),Centre,Centre-left,Liberalism,Social Liberalism,Europeanism
SI,New Slovenia - Christian People's Party (NSi),Centre-right,,Chirstian Democracy,Social Conservatism,
SI,Slovenian National Party (SNS),Right-wing,Far-right,Slovenian Nationalism,Right-wing Populism,
SI,Slovenian Democratic Party (SDS),Right-wing,Far-right,Right-wing Populism,Anti-immigration,Slovenian Nationalism
SI,United List of Social Democrats (ZLSD),Centre-left,,Socialdemocracy,,
SI,Slovenian People's Party (SLS),Centre-right,,Conservatism,Green Conservatism,Agrarianism
SI,Democratic Party of Slovenian Pensioners (DeSUS),Centre,,Pernsioners' Interests,Single-issue Politics,Social Liberalism
SI,Slovenian People's Party (SLS) & Youth Party of Slovenia (SMS),Centre-right,,,,
SI,Social Democrats (SD),Centre-left,,Socialdemocracy,,
SI,For Real-New Politics (ZARES),Centre,Centre-left,Social Liberalism,Europeanism,
SI,Gregor Virant's Civic List (LGV),Centre,Centre-right,Classical Liberalism,,
SI,Zoran Jankovic's List - Positive Slovenia (LZJ-PS),Centre-left,,Social Liberalism,Socialdemocracy,
SI,New Slovenia - Christian Democrats (NSi),Centre-right,,Chirstian Democracy,Social Conservatism,
SI,Civic List (DL),Centre,Centre-right,Classical Liberalism,,
SI,Party of Miro Cerar (SMC),Centre,Centre-left,Social Liberalism,Liberalism,Europeanism
SI,Alliance of Alenka Bratusek (ZaAB),Centre,Centre-left,Social Liberalism,Europeanism,
SI,Positive Slovenia (PS),Centre-left,,Social Liberalism,Socialdemocracy,
SI,Slovenian Pirate Party (PSS),,,Pirate Politics,,
SI,List of Marjan Sarec (LMS),Centre,Centre-left,Social Liberalism,Populism,Europeanism
SI,Modern Center Party (SMC),Centre,Centre-left,Social Liberalism,Liberalism,Europeanism
SI,The Left (LEVICA),Left-wing,,Democratic Socialism,Eco-socialism,Progressivism
SI,Party of Alenka Bratusek (SAB),Centre,Centre-left,Social Liberalism,Europeanism,
SK,Slovak Democratic and Christian Union (SDKU),Centre-right,,Liberal Conservatism,Conservative Liberalism,Europeanism
SK,Hungarian Coalition Party (SMK-MKP),Centre-right,,Hungarian Minority Interests,Christian Democracy,Christian Humanism
SK,Alliance of the New Citizen (ANO),Centre-right,,Populism,Conservative Liberalism,
SK,Real Slovak National Party (PSNS),Far-right,,,,
SK,Party of the Democratic Left (SDL),Centre-left,,Socialdemocracy,Democratic Socialism,
SK,Movement for a Democratic Slovakia (HZDS),Syncretic,,National Populism,Slovak Nationalism,
SK,Direction (SMER),Centre-left,Left-wing,National Populism,Social Conservatism,Russophilia
SK,Christian Democratic Movement (KDH),Centre-right,,Christian Democracy,Social Conservatism,
SK,Communist Party of Slovakia (KSS),Far-left,,Communism,Marxism-Leninism,
SK,Slovak National Party (SNS),Right-wing,Far-right,Slovak Nationalism,Right-wing Populism,Anti-Romanyism
SK,Slovak Democratic and Christian Union - Democratic Party (SDKU-DS),Centre-right,,Liberal Conservatism,,
SK,Direction (SMER),Centre-left,Left-wing,National Populism,Social Conservatism,Russophilia
SK,People's Party - Movement for a Democratic Slovakia (LS-HZDS),Syncretic,,National Populism,Slovak Nationalism,
SK,Freedom and Solidarity (SaS),Centre-right,,Liberalism,,
SK,MOST - HID,Centre,Centre-right,Liberal Conservatism,Hungarian Minority Interests,Europeanism
SK,Direction (SMER),Centre-left,Left-wing,National Populism,Social Conservatism,Russophilia
SK,Ordinary People and Independent Personalities (OLaNO),Centre,Centre-right,Populism,Anti-corruption,Social Conservatism
SK,99 Percent - Civic Voice (99%),Left-wing,,Socialdemocracy,Left-wing Populism,
SK,We Are Family (SME RODINA - Boris Kollar),Right-wing,,Right-wing Populism,Social Conservatism,
SK,Network (#SIET),Centre,Centre-right,Liberal Conservatism,Christian Democracy,
SK,Hungarian Community Party (SMK-MKP),Centre-right,,Hungarian Minority Interests,Christian Democracy,Christian Humanism
SK,Ordinary People and Independent Personalities (OLANO - NOVA),Centre,Centre-right,Populism,Anti-corruption,Social Conservatism
SK,Kotleba - People's Party Our Slovakia (LSNS),Far-right,,Neo-nazism,Neo-fascism,Ultranationalism
TR,Republican People's Party (CHP),Centre-left,,Kemalism,Socialdemocracy,Progressivism
TR,True Path Party (DYP),Centre-right,,Liberal Conservatism,Right-wing Populism,
TR,Young Party (GP),Centre,,Populism,Economic Liberalism,Secularism
TR,Motherland Party (ANAP),Centre-right,,Liberal Conservatism,Turkish Nationalism,
TR,Democratic Left Party (DSP),Centre-left,,Socialdemocracy,Kemalism,
TR,Justice and Development Party (AKP),Right-wing,Far-right,Right-wing Populism,Erdoganism,Post-Islamism
TR,Independents,,,,,
TR,Nationalist Action Party (MHP),Right-wing,Far-right,Turkish Ultranationalism,Right-wing Populism,Social Conservatism
TR,Democratic People's Party (DEHAP),Left-wing,,Kurdish Nationalism,Democratic Socialism,Left-wing Populism
TR,Felicity Party (SP),Right-wing,Far-right,Mili Gorus,Islamism,Religious Nationalism
TR,Democrat Party (DP),Centre-right,,Liberal Conservatism,Right-wing Populism,
TR,People's Democratic Party (HDP),Centre-left,Left-wing,Kurdish Interests,Minority Rights,Political Pluralism
TR,Good Party (IP),Centre,Centre-right,Turkish Nationalism,Kemalism,Social Statism
UA,Bloc of Yulia Tymoshenko,,,Civic Nationalism,Solidarism,Europeanism
UA,Socialist Party of Ukraine,Centre-left,Left-wing,Socialdemocracy,Left-wing Nationalism,Euroscepticism
UA,People's Opposition Bloc of Natalia Vitrenko,,,,,
UA,Party of Regions,Centre,,Regionalism,Russophilia,Euroscepticism
UA,Bloc "Our Ukraine",,,Liberalism,Conservatism,Reformism
UA,Communist Party of Ukraine,,,Communism,Marxism-Leninism,
UA,Bloc of Lytvyn,,,Centrism,Agrarianism,
UA,Bloc "Our Ukraine - People's Self Defense",,,Liberalism,Conservatism,Reformism
UA,Progressive Socialist Party of Ukraine,Syncretic,,National Bolshevism,Left-wing Populism,Social Conservatism
UA,All-Ukrainian Union "Fatherland",Centre-right,,Christian Democracy,Socialdemocracy,
UA,Ukraine - Forward! of Natalia Korolevska,,,Socialdemocracy,,
UA,Radical Party of Oleh Lyashko,Far-right,,Populism,Ukranian Nationalism,Right-wing Populism
UA,UDAR (Ukrainian Democratic Alliance for Reform) of Vitaliy Klychko,Centre,Centre-right,Liberalism,Europeanism,
UA,All-Ukrainian Union "Svoboda",Right-wing,Far-right,Ultranationalism,Right-wing Populism,Ukranian Nationalism
UA,Our Ukraine,Centre-right,,National Liberalism,,
UA,Petro Poroshenko Bloc,Centre-right,,Chirstian Democracy,Liberal Conservatism,
UA,Opposition Bloc,,,Centrism,Euroscepticism,Regionalism
UA,Civil Position,Centre,,Conservative Liberalism,,
UA,Right Sector,Far-right,,Ultranationalism,Revolutionary Nationalism,Anti-Russian Sentiment
UA,People's Front,Centre-right,Right-wing,Ukranian Nationalism,Social Conservatism,
UA,Samopomich Union,Centre-right,,Christian Democracy,Liberal Conservatism,
UA,Strong Ukraine,Centre,,Liberalism,,
UA,All-Ukrainian Agrarian Union "Zastup",,,,,
UA,Opposition Platform - For Life,Centre,,Russophilia,Russian Minority Interests,Euroscepticism
UA,European Solidarity,Centre-right,,Christian Democracy,,
UA,Party of Shariy,,,Libertarianism,Russophilia,Euroscepticism
UA,Civic Position,Centre,,Conservative Liberalism,,
UA,Self-Reliance,Centre-right,,Christian Democracy,Liberal Conservatism,
UA,Movement of New Forces of Mikheil Saakashvili,Centre-right,,Liberalism,Europeanism,
UA,Power of the Law,,,,,
UA,Social Justice,Centre-left,,Socialdemocracy,,
UA,Torch,,,,,
UA,Servant of the People,Centre,,Catch-all Party,Direct Democracy,Anti-corruption
UA,Voice,Centre,Centre-right,Liberalism,Anti-corruption,Europeanism
UA,Strength and Honor,Centre-right,,Conservatism,Constitutional Democracy,Fiscal Conservatism
UA,Ukrainian Strategy of Hroysman,Centre,Centre-left,Socialdemocracy,Europeanism,
UA,Party of Greens of Ukraine,Centre-left,,Green Politics,,
UA,Agrarian Party of Ukraine,Centre,,Agrarianism,,
UA,Power of the People,Centre,,Liberalism,Europeanism,
UA,Patriot,Far-right,,Ukranian Nationalism,Ultranationalism,Neo-nazism
UA,Independence,,,,,
UK,Conservative,Centre-right,,Conservatism,Economic Liberalism,British Unionism
UK,Ulster Unionist Party,Centre-right,,British Unionism,Conservatism,
UK,Democratic Unionist Party,Right-wing,,British Unionism,British Nationalism,Right-wing Populism
UK,Sinn Fein,Centre-left,Left-wing,Irish Republicanism,Democratic Socialism,Left-wing Nationalism
UK,Independent Kidderminster Hospital and Health Concern,,,Single-issue Politics,,
UK,United Kingdom Independence Party,Right-wing,Far-right,Euroscepticism,Right-wing Populism,National Conservatism
UK,Labour,Centre-left,,Socialdemocracy,,
UK,Liberal Democrat,Centre,Centre-left,Liberalism,Social Liberalism,Europeanism
UK,Scottish National Party,Centre-left,,Scottish Nationalism,Scottish Independence,Socialdemocracy
UK,Plaid Cymru (Party of Wales),Centre-left,Left-wing,Welsh Nationalism,Welsh Independece,Socialdemocracy
UK,Social Democratic and Labour Party,Centre-left,,Socialdemocracy,Irish Nationalism,
UK,Speaker,,,,,
UK,Respect,Left-wing,Far-left,Socialism,Anti-capitalism,Anti-imperialism
UK,Green,Left-wing,,Green Politics,Progressivism,
UK,Kidderminster Hospital and Health Concern,,,Single-issue Politics,,
UK,British National Party,Far-right,,British Fascism,White Nationalism,Right-wing Populism
UK,Alliance Party,Centre,Centre-left,Liberalism,Nonsectarianism,Europeanism
UK,Ulster Conservatives and Unionists - New Force,Centre-right,,Unionism,Conservatism,
UK,Independent Community and Health Concern,,,Single-issue Politics,,
UK,Respect-Unity Coalition,Left-wing,,,,
UK,The Brexit Party,Right-wing,,Right-wing Populism,Euroscepticism,
